No1,No2,AreSimilar,VPD Right,VPD Left,VPD Vertical,Windows IOU,Doors IOU,Floor IOU,Windows Doors IOU,Biggest Wall Center Distance,Biggest Wall Center Area Diff
112,281,n,0.241787829833064,1.9754795693439968,6.460411471321696,0.001,0.0,0.627,0.0,2660.0,708045.3264349763
122,24,y,0.2808388157894737,0.1308562197092084,2.289315672896448,0.0,0.127,0.766,0.022,397.0,44926.25250241897
106,167,n,0.4021978021978022,1.9989465116575895,0.3140602196789308,0.0,0.0,0.796,0.0,621.0,21266.851006081153
16,24,y,0.3814744801512287,0.2246065808297568,3.1643830677147182,0.0,0.237,0.683,0.094,351.0,13543.828614934435
15,88,y,0.0863816659321286,0.9731543624161074,0.6456073613324423,0.313,0.0,0.713,0.313,343.0,363606.9071177741
167,62,n,1.033104309806371,1.999652514621556,0.1966586953633586,0.001,0.0,0.822,0.167,86.0,70151.67826813005
118,281,y,0.0365358592692828,0.3551477397087297,0.2311524410494852,0.783,0.0,0.804,0.783,77.0,15464.927049521764
106,122,y,0.2156028368794326,0.6258992805755396,3.3598248812839366,0.056,0.0,0.884,0.118,266.0,210287.6069994203
106,254,y,0.0901687027341477,1.116584564860427,18.474693145773,0.211,0.0,0.758,0.183,448.0,201905.14349297943
112,219,y,1.0441493180186647,0.4993939393939394,3.4061053984575835,0.09,0.0,0.85,0.061,1022.0,1702488.6988713443
15,508,n,0.2761276127612761,1.7745490981963927,1.592819021825713,0.067,0.0,0.69,0.067,700.0,522190.2385037496
175,30,y,0.0226950354609929,1.5425531914893618,4.963021143672246,0.312,0.0,0.648,0.312,346.0,318043.2314750692
16,88,n,0.1447058823529411,0.1129032258064516,10.17062746875607,0.0,0.0,0.715,0.0,939.0,135434.62006791265
174,538,n,0.2952898550724637,1.2580275229357798,7.453381575285277,0.055,0.0,0.683,0.042,255.0,8062.799013577664
129,508,n,0.0283569641367806,0.4955849889624724,2.140378243261573,0.0,0.0,0.801,0.0,376.0,132371.83637958782
174,258,y,0.4883093525179856,1.4503216583273768,2.403424588584385,0.402,0.0,0.856,0.349,117.0,39650.045592705195
15,254,n,0.1998877035373385,1.081541882876205,13.952188552188552,0.001,0.0,0.794,0.057,862.0,111240.39770522679
174,500,y,0.0138568129330254,1.3235294117647058,0.4387683999651598,0.113,0.0,0.77,0.094,391.0,181200.67383119624
129,530,n,0.6913716814159292,1.2539184952978055,7.437622844018462,0.0,0.0,0.68,0.0,572.0,9249.621062413586
15,248,n,1.7388341543513957,1.2857142857142858,0.5356117094725215,0.0,0.0,0.584,0.0,257.0,9864.701254832093
112,89,y,0.2694659600489197,1.008714596949891,3.6955675351901767,0.0,0.0,0.688,0.018,1999.0,435173.3095238095
10,248,n,1.7275108455430956,0.956343792633015,0.4520686873343321,0.168,0.0,0.713,0.168,327.0,21271.624900811934
175,300,y,1.0223985067662156,1.5428296438883542,1.9883527037023103,0.229,0.0,0.892,0.166,263.0,153059.29078014183
174,46,y,0.4606217616580311,0.925389755011136,0.9163950488911996,0.122,0.0,0.86,0.097,1115.0,557776.7786963835
106,74,n,0.8108484005563282,0.7865748709122203,0.147004204364814,0.059,0.0,0.782,0.059,614.0,35198.82938601216
179,228,y,0.1038291605301914,0.2555831265508685,4.814966260818542,0.0,0.0,0.767,0.178,117.0,89497.26146253012
10,179,y,0.3629702002931119,0.863013698630137,2.585811997169737,0.011,0.0,0.881,0.007,1430.0,136683.40372997854
112,538,n,0.2110300820419325,1.741176470588235,3.251692598138142,0.0,0.0,0.712,0.016,1718.0,916043.3572096645
118,39,n,1.051978735971648,1.9923660061178348,3.29633190711985,0.0,0.0,0.779,0.0,292.0,49905.10712250712
106,212,y,0.7755102040816326,0.3959731543624161,0.7021567201991497,0.131,0.0,0.787,0.131,800.0,130586.64918922633
110,296,y,0.4738246082027342,3.575925925925926,1.8125262954413652,0.244,0.0,0.778,0.14,1811.0,666791.5568261538
110,257,n,0.1484,1.9105869445968184,0.3616871407641158,0.001,0.0,0.557,0.001,925.0,33936.52216502064
175,258,y,0.2078891257995735,0.9528907922912204,4.969532050699913,0.506,0.0,0.696,0.499,103.0,37130.42857142858
174,234,n,0.753125,1.4025974025974026,0.3298721009865438,0.001,0.0,0.747,0.033,593.0,95722.75886524822
174,89,y,0.2237037037037037,0.0909090909090909,13.569053868266469,0.094,0.0,0.671,0.065,161.0,135312.06428927978
112,92,n,0.4431546602936155,0.3684771033013844,7.714926372155288,0.123,0.0,0.6,0.061,716.0,1431.3286206896883
15,24,y,0.5945499587118084,1.037280701754386,1.4251979417522826,0.209,0.0,0.581,0.195,303.0,124841.44377657067
10,72,n,0.0614617940199335,1.1414414414414416,2.8227852565986717,0.0,0.0,0.816,0.0,1044.0,223443.1723512584
10,30,n,0.0612638687891944,0.2833020637898686,1.8124772631275683,0.148,0.0,0.84,0.148,998.0,301270.5
10,274,n,0.409460105112279,1.181818181818182,2.4079507207722104,0.001,0.0,0.795,0.001,1434.0,8628.061832985899
118,533,n,0.4139976275207592,1.7744787621721727,2.5128467458785777,0.158,0.0,0.876,0.139,693.0,302187.76826344687
10,118,n,0.3756063756063756,1.984158176897485,0.5939443292863489,0.328,0.0,0.8,0.328,1551.0,77255.04458546423
175,291,n,1.959944223716381,2.303370786516854,2.094836405043298,0.0,0.0,0.803,0.0,680.0,116034.26886792452
118,286,n,0.3732162458836443,1.8814485916470096,2.629065850710961,0.281,0.0,0.824,0.26,657.0,8175.623784079333
118,283,n,0.8331922099915327,1.9718357844528989,0.7573158425832492,0.0,0.0,0.868,0.0,436.0,128776.0445064932
110,73,n,0.1155977830562153,1.839326702371844,0.6962134990203961,0.0,0.001,0.612,0.001,250.0,755674.1456863427
15,349,y,1.1036201469045122,1.1492753623188403,3.108376833209048,0.128,0.0,0.656,0.128,211.0,82573.54231019819
10,2,n,0.3245172124265323,0.757123473541384,2.0040816366416085,0.034,0.0,0.813,0.041,280.0,374670.0
10,361,n,0.2268628381585192,0.5514018691588785,1.4139023317201935,0.0,0.0,0.836,0.0,751.0,164021.1405876808
179,25,y,0.0126903553299492,0.8064516129032258,2.44750268528464,0.003,0.0,0.76,0.06,178.0,140095.43647122412
174,255,n,0.693289224952741,2.0258397932816536,2.3869117075068065,0.005,0.0,0.786,0.004,541.0,26302.00709219859
122,223,n,0.849435382685069,0.1717352415026833,2.273646388777402,0.0,0.0,0.633,0.0,652.0,382931.7786624277
175,520,n,0.1498929336188436,1.4529364440868866,1.91972684541934,0.0,0.0,0.777,0.0,866.0,222897.91016064258
16,301,y,0.6910516002612671,0.4752136752136752,1.4163819145248353,0.0,0.036,0.769,0.242,1149.0,12426.17611863681
129,175,y,0.1621145374449339,0.4921428571428571,1.3352450941789853,0.031,0.0,0.767,0.031,115.0,39155.01818142738
175,179,y,0.3093699515347334,0.8326497128794094,1.4277115576202626,0.111,0.0,0.832,0.269,104.0,49236.17021276595
10,249,n,1.4767114723351047,0.8732394366197183,2.6148057049505318,0.0,0.0,0.56,0.0,1442.0,419668.04591965507
167,24,n,0.8313696612665685,1.9995629605630505,0.9452459739686742,0.09,0.0,0.732,0.084,216.0,119378.13787645777
174,94,y,0.1507444168734491,1.0917874396135263,3.0316177844199514,0.215,0.0,0.704,0.172,337.0,269723.8147543231
122,61,y,0.0843091334894613,0.8051948051948052,3.5010681306564986,0.077,0.0,0.801,0.15,304.0,232888.27655172418
167,301,n,1.1029690461149717,1.9990983662334287,3.2106308991554893,0.091,0.0,0.85,0.264,947.0,105315.32813928115
110,57,y,0.2738269794721407,1.9909443725743856,1.480677959270045,0.001,0.271,0.693,0.558,875.0,515603.9396863426
10,57,n,0.218717683557394,0.8478260869565217,0.6645132710694378,0.0,0.0,0.811,0.0,861.0,2939.1418941155425
110,363,y,0.1806020066889632,1.7845528455284554,0.2023296239306364,0.194,0.0,0.63,0.3,779.0,21262.893222728686
174,296,y,0.1178521617852161,0.6723842195540308,2.443196927167972,0.182,0.0,0.763,0.146,195.0,71101.98282585206
167,349,n,1.2632773490694509,2.0000480665240694,2.452200514957662,0.068,0.0,0.848,0.068,180.0,33504.07503360699
16,255,y,0.834151979196764,0.4147540983606557,2.3556847586493306,0.113,0.0,0.618,0.085,667.0,355816.4582084904
106,349,n,1.012914093206064,0.9696531791907514,2.6342060848655025,0.115,0.0,0.727,0.115,414.0,44555.80834015331
118,175,n,0.3993610223642173,1.895792141245927,2.0455242627638874,0.105,0.0,0.806,0.105,165.0,82724.84441595446
167,533,n,0.3845177664974619,1.988232596706989,3.519929422654171,0.187,0.0,0.815,0.165,530.0,257416.2711367933
175,78,y,0.419753086419753,1.6874720557989806,1.9812911529010289,0.0,0.0,0.642,0.0,546.0,123650.9810526316
122,533,n,0.2541640962368908,1.830708661417323,0.4174111695834863,0.0,0.02,0.836,0.006,615.0,728174.4096243338
106,228,y,0.1966850828729281,0.875,0.5955264734560577,0.0,0.0,0.854,0.27,725.0,249620.53519261035
106,196,n,0.4990662931839402,0.2339373970345963,0.4665811582120182,0.0,0.0,0.777,0.058,890.0,36446.1651539717
10,122,n,0.2772277227722772,0.4867109634551495,2.693427437141597,0.0,0.0,0.85,0.0,791.0,125034.75835703022
167,74,n,1.09953434225844,1.999719718918115,0.4383632800509999,0.292,0.0,0.761,0.292,578.0,5550.5075261556485
122,74,y,0.6231493943472409,0.2482566248256625,3.665755822894117,0.123,0.0,0.854,0.187,360.0,197221.16855172417
112,167,n,0.2009493670886075,1.999148843751942,6.941700301108335,0.063,0.0,0.645,0.039,606.0,703868.9317927368
112,356,y,0.2260596546310832,0.4631578947368421,1.049953476901001,0.121,0.0,0.833,0.083,398.0,324407.46062500007
129,43,y,0.1580363147276395,1.0294117647058822,1.5032398877168685,0.398,0.0,0.861,0.152,1200.0,249493.32218719774
118,258,n,0.1926829268292683,1.7187599702222696,1.889705114222796,0.019,0.0,0.793,0.098,191.0,38387.985911464406
122,258,y,0.448992443324937,1.8655172413793104,4.106408832436229,0.069,0.015,0.804,0.147,640.0,212538.6094362136
174,229,y,0.3285498489425982,0.4134312696747114,8.037522272298501,0.51,0.0,0.677,0.41,125.0,46607.31578605776
112,363,y,0.2777777777777778,0.6930409914204004,2.9113921300219454,0.072,0.0,0.643,0.188,1467.0,3365.2004510369443
179,282,y,0.3407590759075907,0.848404255319149,2.3127814298442053,0.0,0.0,0.706,0.083,620.0,59379.37931034484
106,75,n,0.0710928319623971,1.052584670231729,0.5562197447557576,0.0,0.0,0.725,0.0,538.0,345797.3145999692
15,234,n,1.075858090568215,0.9352380952380952,39.02829373650108,0.0,0.0,0.743,0.0,213.0,58929.74734267697
15,196,n,0.6076957098628926,0.1316187594553706,0.0169759428444978,0.0,0.0,0.766,0.0,1363.0,154237.53336697276
167,88,n,0.376068376068376,1.999720327616221,0.0864197530864197,0.204,0.0,0.811,0.204,373.0,329570.9307527427
175,223,n,1.1363636363636365,1.503582395087001,2.02939457547746,0.0,0.0,0.513,0.0,610.0,43541.80000000002
16,228,y,0.0893454371715241,1.626360338573156,8.19905169207884,0.0,0.037,0.711,0.175,739.0,515595.2048389565
16,57,y,0.0463795551348793,1.6609880749574106,3.279459780350252,0.001,0.238,0.764,0.33,348.0,172343.29082936488
118,291,y,1.9738362984367928,2.0091706310540496,0.6615270935960591,0.0,0.0,0.95,0.0,865.0,46787.975457035616
10,363,n,0.1275272161741835,0.6560773480662984,1.2135380627587948,0.025,0.0,0.78,0.025,818.0,250358.44179636805
110,282,n,0.1483951646519383,2.0144855144855143,1.402288641480594,0.012,0.0,0.523,0.055,652.0,435140.7392674668
10,78,y,0.4061895551257253,1.950553667361035,2.87056988942444,0.0,0.0,0.834,0.096,393.0,567353.9570471684
10,221,y,0.5573913043478261,0.404293381037567,0.9937909521037628,0.0,0.0,0.743,0.0,565.0,207907.49687146483
112,16,n,0.3288590604026846,0.4296951819075713,0.9034186138223406,0.0,0.004,0.604,0.003,1185.0,167591.64050424754
122,282,n,0.2565597667638484,1.714064914992272,2.3807300759106336,0.0,0.0,0.684,0.105,575.0,64363.57837519047
118,26,n,0.4451795841209829,1.956301149835556,1.4588553135582245,0.121,0.0,0.693,0.121,423.0,126143.46865921926
179,256,n,1.6166846944294213,2.804794520547945,2.384432429781652,0.002,0.0,0.624,0.002,175.0,7092.820425531914
175,26,y,0.0523648648648648,0.8114453411592076,2.3315292433359494,0.125,0.0,0.704,0.125,222.0,202995.04529117933
118,16,n,0.5459297983569829,1.993461424520716,3.394455119407082,0.247,0.0,0.738,0.161,865.0,167011.44165703352
174,180,y,0.1553323029366306,0.529245283018868,1.3465247385208812,0.362,0.0,0.705,0.283,19.0,76762.34735353565
10,234,n,1.04337899543379,0.6313993174061433,4.405106871324056,0.134,0.0,0.866,0.117,284.0,27008.77150155278
15,180,n,0.2220988339811216,1.1163454675231976,2.758135311033752,0.0,0.0,0.595,0.0,1197.0,489977.96352699905
174,2,n,0.0281385281385281,1.771062271062271,1.9928813511408725,0.148,0.018,0.659,0.269,809.0,357571.34396310133
16,254,y,0.0427350427350427,1.703111111111111,0.0742067338080991,0.203,0.0,0.569,0.143,421.0,12809.485431892332
167,179,n,0.6589219330855018,1.9978026084566372,2.7792608595015817,0.018,0.0,0.853,0.013,724.0,12500.14184397165
10,26,y,0.0849005910800644,0.9001148105625718,1.1144208268330733,0.0,0.0,0.824,0.0,969.0,182910.18176532953
112,26,y,0.245213849287169,0.8988047808764941,3.0048497095226065,0.039,0.0,0.755,0.12,1718.0,125095.76264015594
175,516,y,0.3297520661157024,0.7220883534136546,1.875805607809526,0.16,0.0,0.855,0.16,377.0,16585.19629966389
118,24,n,0.8630705394190872,1.9922305119629533,0.1879671150971599,0.109,0.0,0.797,0.102,825.0,115614.49379459911
16,530,n,0.733140655105973,0.3224755700325732,4.295484928967398,0.001,0.16,0.839,0.091,555.0,276299.062878197
174,274,n,0.2903005464480874,0.3024282560706401,1.7038171837099452,0.001,0.0,0.643,0.001,451.0,106077.5625
16,274,n,0.2279151943462897,1.6656084656084655,1.7496931830860205,0.0,0.011,0.809,0.055,971.0,142663.15186738342
122,255,n,0.743953563366656,0.5679245283018868,2.1058800354575005,0.0,0.0,0.761,0.0,674.0,249003.95643895198
110,2,n,0.378328173374613,0.0494186046511627,2.0137490235464792,0.254,0.43,0.739,0.363,208.0,113001.70412973221
167,1,n,0.4932270916334661,1.999585145070977,2.53077242011391,0.116,0.0,0.837,0.101,116.0,115298.81075963264
129,212,y,0.6412078152753108,1.2237237237237235,2.424147823972769,0.644,0.0,0.755,0.644,79.0,26205.5180635688
16,30,n,0.1288908373520385,0.3459972862957937,2.445269064232093,0.11,0.0,0.618,0.259,401.0,84521.25
167,249,y,1.5921835174171624,2.000015468789397,2.819562213854198,0.224,0.0,0.445,0.136,738.0,125663.49160469713
167,526,n,1.1528822055137844,1.9992951948407,1.4954672877043171,0.2,0.0,0.88,0.2,273.0,172508.74522840077
118,15,n,0.3281786941580756,1.9776166589385828,1.324865107913669,0.038,0.0,0.701,0.038,1234.0,77420.59548321078
129,25,n,0.15,1.1182654402102497,2.3664898915121007,0.003,0.0,0.699,0.063,189.0,153152.51336775773
106,61,y,0.2975124378109453,0.1176470588235294,0.0726427048243038,0.21,0.0,0.767,0.21,557.0,73127.89383172651
122,219,n,0.5376712328767124,0.9654377880184332,2.1779721260873632,0.0,0.0,0.801,0.0,592.0,547862.905700153
112,46,y,0.0022271714922048,0.0222929936305732,0.0919988013185496,0.0,0.0,0.907,0.0,670.0,63726.49557531957
129,281,n,0.5589473684210526,1.9074563722897937,2.197630758833027,0.077,0.0,0.739,0.077,146.0,20746.040774873487
175,89,y,0.0765262252794497,0.6918056562726613,2.216454835653274,0.07,0.0,0.901,0.053,90.0,132318.60050476188
122,75,n,0.1466083150984682,1.485952133194589,5.262229633311421,0.0,0.0,0.757,0.0,582.0,473686.2846120689
129,235,n,0.4739485247959824,1.0524967989756722,1.9038289911783888,0.122,0.0,0.801,0.122,406.0,89541.52927594396
174,26,y,0.2445573294629898,0.0588235294117647,6.037493513233005,0.199,0.0,0.707,0.232,206.0,206127.543706752
110,88,n,0.0942960764919221,0.0107889413351314,0.8274304458590164,0.0,0.0,0.739,0.0,814.0,7358.756076388905
15,179,n,0.4064676616915423,0.5995475113122172,4.150918251639526,0.0,0.0,0.74,0.0,1380.0,168604.37957110273
175,234,n,0.9859564164648912,1.705251875669882,1.7877248986797327,0.0,0.0,0.802,0.017,661.0,93112.56737588653
129,92,n,0.0984326018808777,1.4635416666666667,2.5999134838036597,0.053,0.0,0.729,0.053,902.0,228207.47897369228
110,167,n,0.3054040654437283,1.9998794962587447,0.8990851865942655,0.0,0.0,0.632,0.0,804.0,703345.1847719831
16,357,n,0.1701421800947867,1.426890756302521,0.1562864118071353,0.0,0.0,0.625,0.019,457.0,198544.11712411515
106,533,n,0.0417771883289124,1.6769179894179893,4.44412932501418,0.0,0.0,0.772,0.073,611.0,646440.7218935195
174,62,n,0.5025458248472505,1.497907949790795,6.970511140235911,0.0,0.0,0.544,0.042,741.0,143946.6196778512
112,122,n,0.4306037473976405,0.3152866242038216,1.6245649606031942,0.0,0.0,0.777,0.0,1457.0,314895.2920689655
112,223,y,1.3203941475067185,0.1642949547218628,4.820015637216575,0.063,0.0,0.681,0.044,1147.0,1267927.5393035458
174,187,y,0.0565092989985693,0.1339915373765867,0.1135461930852068,0.266,0.544,0.411,0.325,83.0,82671.0
15,19,n,0.0442274554853532,0.9331131296449215,0.4818364507651878,0.001,0.0,0.607,0.181,866.0,248113.17229219567
112,274,n,0.5585272664119486,1.1576292559899115,1.3922467178597968,0.001,0.0,0.661,0.001,2247.0,446043.404846899
118,94,n,0.5363709032773781,1.9870168872871763,0.3003321320048053,0.149,0.0,0.859,0.149,578.0,169272.22601679925
112,248,n,1.754537392846586,0.8189730200174065,5.296467565831728,0.149,0.0,0.587,0.082,707.0,418427.33571255824
129,538,n,0.1629268292682927,1.0436634717784878,4.004903866279939,0.0,0.0,0.783,0.0,365.0,25659.557611885946
118,356,n,0.4355400696864111,1.9728248137562667,3.207712600869025,0.199,0.0,0.849,0.199,1153.0,104563.6578814993
174,175,y,0.2847790507364975,0.753796962430056,1.8454071658987767,0.279,0.0,0.614,0.224,111.0,2610.191489361692
16,60,n,0.0674002751031636,1.3948717948717948,0.8052590420332356,0.001,0.0,0.649,0.001,605.0,276140.86703507917
106,1,n,0.0917343526039178,0.7103918228279387,2.7715530444845307,0.0,0.0,0.738,0.0,595.0,189798.6935485527
174,72,y,0.2639517345399698,0.2554744525547445,1.0348173749437606,0.323,0.0,0.8,0.27,151.0,28199.991683565488
118,76,n,1.196367206676485,1.998736038383161,3.7019578026991065,0.074,0.0,0.787,0.102,1087.0,159804.63998110217
174,301,y,0.559666492965086,0.8981132075471698,1.3358689512332893,0.001,0.0,0.731,0.153,454.0,167254.19437253568
179,268,n,0.188394875659382,0.4498910675381263,1.409637347225005,0.0,0.0,0.798,0.011,631.0,66993.33075435204
174,235,n,0.3779761904761904,0.9033280507131536,1.572514550421665,0.162,0.0,0.641,0.131,279.0,130651.21276595745
174,363,y,0.203768318213538,0.319205298013245,5.3014725934006,0.325,0.0,0.627,0.393,336.0,241902.5797479428
110,39,y,0.8238036809815951,0.0873949579831932,8.246203132415758,0.001,0.0,0.8,0.134,1272.0,898632.8436863427
106,274,n,0.3608454957221942,1.010377358490566,2.256356994484636,0.0,0.0,0.836,0.0,851.0,79011.67962828767
167,508,n,0.5471698113207547,1.997551629035468,1.182881046873324,0.112,0.0,0.872,0.112,339.0,152546.31325617395
174,85,y,0.3978849966953073,0.2410714285714285,11.736822840409957,0.005,0.0,0.712,0.174,627.0,301765.3612624232
15,40,n,0.813607370659107,0.9625468164794008,0.1533029987391042,0.0,0.0,0.661,0.0,1105.0,110523.51590840326
118,357,n,0.3912264995523724,1.966877192982456,3.662651277454057,0.138,0.0,0.755,0.138,1051.0,46672.374808582594
15,62,n,0.83234369542438,1.0149532710280371,0.8887417997823082,0.001,0.0,0.577,0.001,214.0,16956.35614873958
129,75,n,0.0721476510067114,0.085972850678733,3.959220377821001,0.0,0.0,0.751,0.0,578.0,123104.89447550944
106,187,n,0.3263816475495307,0.6892950391644909,22.19708702064897,0.227,0.0,0.316,0.168,569.0,39401.12250896648
129,258,y,0.3654970760233918,1.291638341264446,5.514138422194167,0.202,0.0,0.826,0.176,103.0,475.91028384584934
179,234,y,0.7319450598139122,1.3403263403263403,1.0014953571572134,0.0,0.0,0.88,0.016,712.0,43876.39716312058
167,356,n,0.4067641681901279,1.998626997705822,6.799216519487418,0.209,0.0,0.713,0.209,124.0,113243.74179907069
112,307,y,0.0913218970736629,1.8744551828690543,2.204957236254123,0.165,0.0,0.648,0.2,931.0,1237854.0324502587
16,74,y,0.7269957343083485,0.1433868974042027,126.80717488789236,0.512,0.0,0.72,0.304,613.0,297629.1968865078
179,26,y,0.2696709585121602,0.050251256281407,5.385366034655486,0.256,0.0,0.806,0.188,337.0,143906.57388632043
15,46,n,0.1227420101899027,0.3763440860215054,3.2194956878214795,0.0,0.0,0.839,0.0,511.0,408064.8139185271
15,283,y,0.5883204633204633,0.6408759124087591,1.6625990152001713,0.095,0.0,0.719,0.095,782.0,394702.9386224584
122,228,y,0.0171161825726141,1.3591989987484356,5.532574413561995,0.0,0.087,0.837,0.158,477.0,383136.6169866801
15,235,n,0.7183098591549296,0.4649390243902439,2.366186399387485,0.121,0.0,0.654,0.121,674.0,28378.363248674927
167,256,y,1.7984947458108491,2.0003584866301485,0.6096701192444948,0.002,0.0,0.72,0.002,892.0,19119.770780141844
10,258,n,0.1927868852459016,1.79941467807294,1.8038446894282667,0.0,0.0,0.862,0.0,1400.0,159585.2355584656
106,190,n,0.2446330504243634,0.2372322899505766,10.073469130352526,0.0,0.0,0.694,0.0,499.0,46420.74499450554
122,196,n,0.2899066251667407,0.8562231759656652,4.758150091375346,0.0,0.0,0.798,0.0,636.0,183279.11476011793
110,62,n,0.8406779661016949,0.0962521294718909,1.049877711752916,0.001,0.0,0.596,0.036,954.0,402655.0956863427
16,248,n,1.6761381982563772,0.4605993340732519,16.72635135135135,0.118,0.0,0.817,0.078,790.0,130193.08789783763
118,361,n,0.5523349436392915,1.9900239988706412,1.053148854961832,0.22,0.0,0.823,0.217,658.0,129187.8880898326
15,256,n,1.7467123615206823,1.3786259541984731,1.2012125871437809,0.001,0.0,0.476,0.001,1677.0,182015.97082563746
122,174,y,0.0617222498755599,1.2503536067892504,1.1777151014524891,0.048,0.0,0.741,0.162,473.0,304200.4908352768
106,15,n,0.1076517150395778,0.125,0.4526195668139243,0.0,0.0,0.709,0.0,612.0,145044.62654356076
175,500,y,0.2873183619550858,1.6660973526900085,1.762884857153398,0.124,0.0,0.484,0.12,409.0,177291.35287148596
174,40,n,0.4765584750128799,1.4282786885245902,14.354033970276008,0.044,0.0,0.666,0.034,80.0,90334.34364927976
179,212,y,0.4963747908533185,0.9422680412371134,2.4844619693927847,0.261,0.0,0.821,0.152,68.0,36340.513926900894
129,15,n,0.2402464065708419,0.9332648870636552,3.665040985719441,0.0,0.0,0.743,0.0,1102.0,130504.56739616231
129,16,y,0.0289408866995073,1.5769712140175218,1.309179064024574,0.197,0.0,0.687,0.095,761.0,213360.81699940562
15,74,n,0.9112271540469974,1.0281195079086116,0.3104243379645424,0.0,0.0,0.72,0.0,1074.0,163049.15143983182
129,257,n,0.1079447322970639,0.3296,3.3485197639146893,0.06,0.0,0.668,0.06,689.0,149664.90467177756
10,219,y,0.8398661567877629,0.4186471663619744,1.2416460679300558,0.399,0.0,0.903,0.399,445.0,559310.9363562401
16,72,y,0.1234256926952141,1.6347554630593133,0.9698169760505052,0.236,0.0,0.599,0.186,532.0,392847.32128650777
122,307,n,0.5061329890251776,1.922011207970112,5.421610776726856,0.0,0.0,0.719,0.0,674.0,371336.0159276636
16,500,y,0.1529835802963556,0.0451219512195121,0.3770601803313063,0.306,0.048,0.468,0.207,235.0,154935.54671220056
110,250,n,0.7884314747264201,0.5354497354497354,9.54145879526977,0.0,0.0,0.635,0.0,488.0,1170219.090938675
110,283,y,0.5961030383091149,2.391014975041597,1.721948403712091,0.111,0.0,0.712,0.139,860.0,1249006.5202430359
16,85,y,0.2635843660629171,1.4962962962962962,9.843997337081143,0.001,0.0,0.662,0.015,136.0,52823.90953443092
118,526,n,1.1624277456647398,1.9870507784082645,1.7650666276710476,0.236,0.0,0.818,0.236,703.0,205978.9047830514
129,363,y,0.0779026217228464,0.6227027027027027,4.980558947796915,0.132,0.0,0.781,0.132,482.0,190815.6441151804
112,73,n,0.2270815811606392,1.118279569892473,5.04755988663276,0.0,0.0,0.625,0.001,936.0,755937.3380952382
10,300,n,1.0514997170345215,0.610051993067591,2.368197536856155,0.0,0.0,0.686,0.0,880.0,122835.68400873343
112,74,n,0.9844348659003832,0.533066132264529,4.198884758364312,0.0,0.0,0.778,0.0,1938.0,775078.7880952382
110,530,n,0.9289387564282376,0.430944963655244,0.4805952380952381,0.001,0.072,0.549,0.038,657.0,741199.9584274156
129,221,y,0.3520164046479836,0.8308921438082557,3.899302147342378,0.163,0.0,0.745,0.163,860.0,145653.79004099575
174,282,n,0.3154811715481171,0.7614125753660638,3.7021095387840672,0.078,0.0,0.52,0.058,502.0,109344.87931034484
10,268,n,0.1962365591397849,1.2130584192439862,12.30979010265053,0.0,0.0,0.744,0.027,325.0,304369.918244231
15,296,n,0.4651729176814418,1.215288611544462,1.7707335644298394,0.0,0.0,0.807,0.0,1430.0,120181.8954716422
15,286,y,0.0520833333333333,1.3904522613065329,11.447983464942498,0.136,0.0,0.689,0.128,550.0,85381.87359007879
110,281,n,0.3400605449041372,1.9966898320653024,1.5374507926375147,0.011,0.0,0.601,0.007,2031.0,706696.9198628725
129,1,n,0.0524344569288389,1.5315203955500618,0.1594090732419144,0.0,0.0,0.784,0.0,1110.0,154049.25392591185
106,268,n,0.1314741035856573,1.0462222222222222,13.345575332163447,0.0,0.0,0.783,0.0,472.0,199153.7874461406
10,286,y,0.0185739964050329,1.5330188679245282,3.3881402763018067,0.34,0.0,0.829,0.309,598.0,54281.21332922933
175,212,y,0.7915106117353309,1.481294236602629,2.072576972667502,0.068,0.0,0.927,0.068,35.0,12837.457503107638
122,361,y,0.0728200371057514,0.5630712979890311,2.1036442208975656,0.092,0.0,0.848,0.126,40.0,36050.36245554962
16,223,n,0.9405829596412556,0.3,2.796982024268975,0.0,0.0,0.491,0.02,624.0,513994.7032318843
110,234,n,1.0833497536945813,0.0725388601036269,12.79059508579999,0.001,0.0,0.751,0.027,935.0,537047.9428827422
112,229,n,0.1468321917808219,1.371354504212573,10.389790028858592,0.0,0.012,0.663,0.003,1897.0,905705.5941678408
106,307,n,0.2980225988700565,1.8460179596643604,1.5768633710125282,0.0,0.0,0.678,0.0,634.0,241812.16459300835
122,46,y,0.4280318925723878,0.2929936305732484,1.6550593068716453,0.22,0.0,0.83,0.2,731.0,246441.5422335972
174,286,y,0.3154811715481171,0.8740849194729137,0.6948126626717511,0.008,0.14,0.675,0.033,404.0,81183.375
106,300,n,1.0048543689320388,0.7481481481481481,2.2347537813384903,0.084,0.0,0.716,0.06,419.0,183144.51512238328
174,526,n,0.6540259740259741,1.0860655737704918,2.9918331649873124,0.0,0.0,0.702,0.0,451.0,113476.70305664549
167,89,n,0.4310344827586206,1.9974217521795052,0.6022739280204569,0.107,0.0,0.904,0.39,693.0,61517.12287955862
110,255,n,1.0231043898340684,0.5163329820864068,1.801655422643007,0.0,0.0,0.884,0.0,818.0,904984.7611011416
174,249,n,1.2887050917549754,2.0309278350515463,1.203713837183225,0.0,0.0,0.69,0.366,131.0,61494.42069528616
110,219,n,0.8993020937188435,1.3498583569405098,1.67520862153599,0.0,0.0,0.852,0.0,667.0,1666765.191010277
110,249,n,1.5018750669666774,0.2198211624441132,5.232729578692878,0.0,0.435,0.664,0.4,1754.0,1369531.3180838022
167,281,y,0.08,1.8674530331277783,0.9822280650501508,0.531,0.0,0.865,0.531,839.0,1747.3992501017055
175,308,y,0.9239856189008732,1.6497354497354495,1.672087087062344,0.112,0.0,0.741,0.112,66.0,41594.446808510635
167,26,n,0.4151696606786427,1.9977675526175445,0.9367334586346404,0.134,0.0,0.72,0.134,500.0,128905.11721915076
106,175,y,0.028395061728395,1.33,2.1558783393691283,0.192,0.0,0.799,0.192,747.0,159453.3629186275
15,190,y,0.3539054966248794,0.1661631419939577,16.37343316227812,0.002,0.0,0.613,0.002,83.0,78608.4643029992
110,122,y,0.3313686967910936,0.2359932088285229,5.943343111025153,0.112,0.215,0.76,0.202,718.0,332115.4277999281
10,237,y,0.3788098693759071,0.8540880503144654,7.167437201417784,0.092,0.0,0.812,0.092,280.0,73950.36829413532
167,78,n,0.2032218091697645,1.938930706402325,2.649102798053528,0.0,0.0,0.658,0.117,140.0,185507.45909699553
167,61,n,0.6571180555555556,1.9987419027862563,0.3694256506494148,0.141,0.0,0.693,0.141,571.0,23273.051091869944
112,530,y,0.9873605947955392,0.1677675033025099,2.6269050458191083,0.17,0.16,0.563,0.215,1208.0,745469.9457228412
175,268,n,0.153169014084507,0.4244553759662684,1.8863160967067176,0.0,0.0,0.83,0.0,527.0,17524.181818181823
122,287,n,0.1472527472527472,1.510166358595194,4.701205362706754,0.077,0.0,0.787,0.08,721.0,83434.9708282881
112,57,n,0.3792834890965732,0.8989710009354537,9.009531270400837,0.0,0.0,0.707,0.0,1559.0,508042.64523809525
110,223,n,1.1826976229961303,0.4097859327217125,1.5505024079274738,0.0,0.0,0.61,0.0,753.0,1246792.0339984116
122,26,y,0.1909994767137624,1.2503496503496505,6.332763060120621,0.064,0.0,0.721,0.078,211.0,63832.91636602921
167,307,n,0.108,1.9744253416171955,1.6773301950961446,0.023,0.0,0.684,0.015,141.0,97565.2308989841
10,43,y,0.059488692232055,0.1159929701230228,11.4590990990991,0.0,0.0,0.86,0.138,238.0,299207.74224481825
118,85,n,0.2909579230080573,1.963706393749312,0.8494055025577215,0.0,0.0,0.87,0.0,899.0,191744.6959365188
174,92,n,0.0358191426893717,1.3029259896729777,9.335963804713804,0.157,0.0,0.585,0.125,742.0,289556.0409612197
112,256,n,1.7621940734796813,0.8947368421052632,32.16257408975444,0.002,0.0,0.48,0.001,2789.0,798885.8083248226
15,94,n,0.250362493958434,0.6404494382022472,1.4777221282685054,0.0,0.0,0.716,0.0,919.0,197024.78129436442
129,248,n,1.657183297947629,2.3545081967213117,2.81955274789151,0.014,0.0,0.714,0.014,704.0,71509.80951228028
15,187,y,0.4397410358565737,0.6140142517814727,12.275371846495192,0.174,0.0,0.403,0.196,1009.0,60751.931614758854
16,526,n,0.790997796663519,0.2335423197492163,3.114018838578893,0.0,0.0,0.794,0.0,546.0,690039.9198793543
122,530,n,0.636233440744719,0.1908256880733945,16.764041095890413,0.0,0.029,0.717,0.019,590.0,184451.49498810858
167,73,n,0.3773584905660377,1.9969233495335008,0.2391107561235357,0.0,0.0,0.797,0.0,245.0,1773.6584461556631
118,235,y,0.9598615916955018,1.9777121603588768,4.824425574425574,0.088,0.0,0.832,0.088,506.0,60334.553803450995
112,2,y,0.4780183727034121,0.5706618962432916,1.9971479695547896,0.224,0.023,0.706,0.067,725.0,145742.60228199442
175,287,n,0.0921532846715328,0.3002001334222815,4.2929524509526775,0.299,0.0,0.797,0.227,193.0,182104.13475177306
16,508,n,0.0484429065743944,2.85971685971686,2.915676561510671,0.003,0.0,0.775,0.191,263.0,638678.9859067968
118,307,y,0.1325757575757575,1.5371756613221386,1.853786468378279,0.0,0.0,0.712,0.0,777.0,122265.63230512023
10,112,y,0.1714932126696832,0.1417322834645669,11.420280186791194,0.046,0.0,0.823,0.025,339.0,437306.5096762696
110,301,y,0.8925323121110579,0.5818777292576419,2.3326037391700867,0.001,0.0,0.734,0.103,2048.0,121211.69128037733
10,308,n,0.982701062215478,0.5652951699463328,3.2279493893395346,0.0,0.0,0.781,0.0,1362.0,363726.0772624969
129,307,n,0.422,1.556597740353869,8.650346847541236,0.0,0.0,0.72,0.0,632.0,76126.78207750228
110,221,n,0.6083937198067633,1.309090909090909,0.1215087486556629,0.039,0.0,0.6,0.023,1346.0,26827.68467256741
174,256,n,1.625152459682884,2.72,4.258336334173569,0.002,0.0,0.468,0.002,336.0,42790.9029787234
10,175,n,0.0380562060889929,1.4619917501473187,2.0872083496968736,0.0,0.0,0.765,0.0,1255.0,259755.47002443054
179,283,n,0.179381443298969,0.4186440677966102,2.1155847894935,0.149,0.0,0.888,0.125,354.0,90452.91489361701
118,219,n,1.209887250650477,1.975019183221076,0.8063906032251642,0.174,0.0,0.761,0.174,717.0,215231.10135550122
118,268,n,0.5458937198067633,1.9321490808926864,4.469768791719067,0.0,0.0,0.754,0.016,745.0,102689.17132514456
174,24,n,0.2432276657060518,1.3732809430255404,3.275027262813522,0.075,0.0,0.677,0.183,577.0,196600.564364059
122,248,n,1.6397058823529411,0.5455696202531646,3.210561271454039,0.0,0.0,0.752,0.005,785.0,60773.9260071225
15,500,n,0.3798140770252324,0.8765652951699463,45.13638253638253,0.0,0.0,0.733,0.0,741.0,5482.427664530755
106,357,n,0.058759521218716,0.4505776636713735,95.4063829787234,0.0,0.0,0.839,0.0,435.0,92980.8495069528
129,94,y,0.0166223404255319,1.2961586121437425,2.183859096905594,0.184,0.0,0.869,0.184,498.0,208289.0582840371
122,76,y,0.7064846416382252,0.3182989690721649,1.2293044346676023,0.0,0.071,0.816,0.028,724.0,126449.43060911325
106,255,n,0.91606080634501,1.4292929292929293,1.632702645245543,0.0,0.0,0.734,0.0,637.0,106423.15670834295
112,361,n,0.3870614035087719,0.4339080459770115,3.042310543422478,0.032,0.0,0.699,0.021,1398.0,223981.77312500004
129,184,y,0.1158631415241057,0.2997858672376873,3.915540760198177,0.601,0.0,0.853,0.178,190.0,83337.83540001915
16,76,y,0.795556805399325,0.2297142857142857,0.1738241001188309,0.01,0.0,0.814,0.052,731.0,83009.54807527758
129,516,y,0.1765612952968388,0.2421959095801937,1.4667115542179423,0.244,0.0,0.881,0.244,267.0,52611.44294816666
106,500,n,0.2673674588665448,0.6833910034602076,7.787610619469026,0.0,0.0,0.605,0.002,274.0,139261.28770633
112,175,n,0.1903310104529616,1.440132122213047,1.934844399617204,0.0,0.0,0.63,0.0,2130.0,1042002.8994
16,300,y,0.9109311740890688,0.4018817204301075,1.766090284752572,0.054,0.005,0.869,0.111,390.0,32446.008952081436
129,274,n,0.2436548223350254,0.0303605313092979,1.9678583379305976,0.001,0.0,0.802,0.0,332.0,66373.35771867794
179,219,n,0.4580690627202255,0.498220640569395,2.1146541966317187,0.052,0.0,0.838,0.039,619.0,168630.3125
112,60,y,0.3881603596852754,0.7011173184357542,0.1319893664155959,0.119,0.0,0.806,0.085,664.0,729278.2595238097
112,30,y,0.2077971233913702,0.1605667060212514,2.15952078243082,0.003,0.0,0.854,0.002,1727.0,108.94265595564502
174,248,n,1.6131601005867562,2.5205882352941176,23.378748180494902,0.021,0.0,0.572,0.017,584.0,111252.96266771462
16,179,y,0.182679296346414,1.4893939393939395,1.1752918405613015,0.0,0.62,0.799,0.304,939.0,291965.0966907934
118,174,n,0.6699115044247788,1.9529810680983328,3.5329431639917943,0.057,0.0,0.745,0.047,215.0,85641.19434805046
129,167,n,0.5133744855967078,1.9967372639694096,2.639163377897431,0.043,0.0,0.78,0.043,734.0,22897.36265119337
167,363,n,0.4547187797902765,1.998285808383072,1.046481980175328,0.084,0.0,0.912,0.084,638.0,161425.18213212868
16,234,y,0.9017687074829932,0.0451527224435591,0.2683236597787571,0.0,0.0,0.745,0.017,747.0,182290.46446236764
122,286,n,0.2856308411214953,1.6814490943160525,0.5866414180897946,0.0,0.0,0.82,0.0,510.0,124080.63812998548
122,73,n,0.2208355941399891,1.39760348583878,3.260703380708653,0.0,0.0,0.693,0.0,337.0,189620.15555172414
175,530,n,0.8263646922183507,1.5062893081761006,2.529823853879378,0.0,0.0,0.88,0.042,563.0,44937.1643384581
118,40,n,1.0502958579881656,1.993295375937849,1.2528172722485518,0.0,0.0,0.821,0.0,278.0,2692.681448921445
10,235,n,0.6772402854877082,0.4139130434782608,3.1826152116897712,0.098,0.0,0.793,0.098,723.0,60299.33908979912
129,250,n,0.5397489539748954,1.1083815028901731,0.6078225677008094,0.0,0.0,0.79,0.0,646.0,65641.3967589637
167,223,n,1.5023255813953489,1.9992507847450505,1.1122322797645543,0.227,0.0,0.525,0.227,231.0,102941.09078014185
106,110,n,0.1154014918824045,0.8554987212276215,0.647337189836071,0.273,0.0,0.717,0.264,267.0,568067.022581059
112,500,n,0.46773654296222,0.375,1.1714232592730316,0.0,0.0,0.758,0.0,1469.0,472168.41417670675
175,76,n,0.8924627940470475,1.9172625127681304,1.856340637723592,0.011,0.0,0.822,0.024,835.0,232411.62997753726
129,57,y,0.0191570881226053,0.5770089285714286,2.228583188832256,0.0,0.0,0.861,0.132,401.0,73619.68717577567
15,258,n,0.1459314055144586,1.7331417200972803,1.5110293920566935,0.0,0.0,0.844,0.0,1352.0,190721.56171410962
167,25,n,0.6550847457627119,1.9990777794473016,0.4858101808689166,0.13,0.0,0.872,0.131,689.0,125116.073260118
10,255,n,0.9811550151975684,1.171945701357466,1.4035726588258453,0.045,0.0,0.83,0.045,262.0,200534.76524767553
167,530,n,1.1132437619961613,1.999257273974248,1.2374780577296185,0.001,0.0,0.863,0.001,255.0,11700.265452129213
118,254,n,0.5074331020812686,1.925034368599725,3.274025069637883,0.121,0.0,0.728,0.106,381.0,97851.35116202943
175,60,n,0.2062101910828025,0.980015987210232,1.9260877005560824,0.0,0.0,0.7,0.0,654.0,74287.99102476187
112,179,n,0.494938539407086,0.8492802709568162,1.6423984376374543,0.214,0.0,0.751,0.073,2380.0,772333.0563337557
129,76,y,0.7624942686840899,1.8409090909090908,1.4039078983579487,0.004,0.0,0.749,0.064,961.0,187102.20028129994
15,184,n,0.3647119341563786,0.7075471698113207,0.0972467973671172,0.0,0.0,0.654,0.039,1270.0,13187.178253240592
16,282,n,0.1681990265008112,1.8851878100637844,3.5312604062604063,0.077,0.0,0.831,0.112,553.0,134406.4239760187
167,361,n,0.5292620865139949,1.9994692064636632,1.5278636275835429,0.212,0.0,0.902,0.21,570.0,135721.63953344568
16,281,n,0.5656887755102041,1.9919348683373617,3.000705192443306,0.217,0.0,0.785,0.136,1140.0,261905.36714942913
110,24,y,0.6022465437788018,0.3345864661654135,1.5214554605136323,0.036,0.163,0.617,0.11,339.0,190709.23354166668
110,212,y,0.8852752880921895,0.479253112033195,1.1568823147250182,0.348,0.0,0.608,0.184,1563.0,961996.3346876439
16,308,y,0.8355452971725332,0.0261707988980716,0.7071824775992035,0.309,0.0,0.696,0.224,872.0,519007.7702233118
15,78,y,0.365079365079365,1.932874918140144,2.272081148219708,0.0,0.0,0.902,0.0,344.0,599225.3625325101
129,174,y,0.1329258976317799,0.3157327586206896,1.361269967933088,0.163,0.0,0.8,0.128,126.0,41778.57295734406
112,118,n,0.2237394957983193,1.983001948343908,10.434415094339622,0.0,0.0,0.761,0.0,2541.0,651925.9965811966
16,533,n,0.152840909090909,1.912730685017204,0.7807469223484849,0.0,0.272,0.736,0.111,564.0,928983.4770778855
174,508,n,0.1052221356196414,0.9108781127129753,3.0588445929816186,0.216,0.0,0.676,0.176,252.0,93514.27108441867
16,190,n,0.127177700348432,1.2138492871690427,0.266192481451337,0.0,0.0,0.766,0.0,527.0,219875.07632544838
16,94,y,0.0316428261811876,0.4005722460658083,2.940565014986289,0.123,0.0,0.776,0.106,336.0,36448.915210569394
15,257,n,0.1406067677946324,1.2050098879367173,0.1543903835145964,0.011,0.0,0.566,0.011,442.0,178220.83332971815
118,520,n,0.5449482895783612,1.9841636271296,6.66640866873065,0.232,0.0,0.873,0.232,1132.0,122502.8228314969
16,516,y,0.1977220956719818,1.5883134130146082,0.2981695822983281,0.177,0.0,0.767,0.136,1375.0,434588.68946110323
129,196,y,0.3590443686006826,0.7945383615084526,3.700378427146509,0.0,0.0,0.803,0.0,54.0,16049.799876040459
174,19,n,0.3253193087903832,0.2601626016260163,4.68794264985317,0.001,0.092,0.595,0.317,223.0,249359.22491703753
110,287,n,0.1860374414976599,1.87731196054254,1.3351228519247036,0.284,0.0,0.632,0.205,1803.0,65383.87540625705
110,256,n,1.74890106908341,0.3955719557195572,1.327655401785263,0.001,0.0,0.471,0.001,2171.0,793635.5200409648
122,2,n,0.0430680885972108,0.265792610250298,1.9725829857838453,0.171,0.119,0.765,0.176,525.0,208584.57503262017
16,175,y,0.146886641830761,1.7889317889317888,1.8336890946748017,0.089,0.0,0.835,0.292,764.0,415037.1629852454
175,229,y,0.0442477876106194,0.5793382849426063,2.099467399499015,0.428,0.0,0.458,0.422,141.0,43510.381426619104
112,296,y,0.5671271696776479,1.7416563658838071,3.299954777440403,0.0,0.0,0.776,0.0,2449.0,666087.7686978141
122,43,n,0.2355996222851747,0.4839255499153976,1.351865870760372,0.16,0.0,0.856,0.06,855.0,143536.59525509726
122,39,y,0.5206073752711496,0.1404011461318051,1.0685049105970237,0.0,0.0,0.798,0.0,368.0,248238.85655172414
175,40,n,0.7164860239589276,1.719438877755511,2.214977159501772,0.064,0.0,0.807,0.061,94.0,87340.87986476187
110,16,y,0.2396666666666666,0.1181102362204724,7.363792972411522,0.131,0.555,0.598,0.331,410.0,190348.06526084951
129,283,y,0.337037037037037,0.7872892347600519,2.109689775416915,0.081,0.0,0.884,0.081,365.0,80582.77848020507
110,26,y,0.1381427475057559,1.813152400835073,0.0712636428145027,0.268,0.0,0.799,0.182,1015.0,145151.08725146196
106,281,n,0.443530291697831,1.9698358043311237,1.2153405869488918,0.0,0.0,0.751,0.0,1085.0,24939.28175029281
129,190,n,0.1140472878998609,0.904993909866017,1.23311819486971,0.0,0.0,0.716,0.0,851.0,62242.81742837193
175,533,n,0.0139335476956055,0.7602102709260008,1.6402727982175374,0.0,0.0,0.797,0.045,566.0,209557.0588235294
16,235,n,0.5187523208317861,0.7924242424242425,1.5992819808880208,0.0,0.0,0.8,0.0,235.0,94982.35387101574
118,212,n,1.080489375402447,1.985341508626836,0.4711839749328558,0.153,0.0,0.797,0.153,127.0,68291.30999805481
15,250,y,0.7801067073170732,0.3850574712643678,6.5837672205475695,0.388,0.0,0.645,0.388,273.0,357545.290113832
167,237,y,0.6758494031221304,1.9978226661992864,12.493333333333334,0.15,0.0,0.88,0.15,75.0,12596.815602836868
15,2,n,0.3709884467265725,1.0694864048338368,2.0111248302036886,0.001,0.0,0.724,0.201,362.0,330113.25
167,196,n,0.8220757825370676,1.9985727429468296,0.7362291789243036,0.243,0.0,0.831,0.214,711.0,6785.7342212999065
15,310,y,0.2455849889624724,1.1225212464589236,2.5227479526842584,0.0,0.0,0.666,0.0,1353.0,286478.75023160287
118,310,n,0.5346341463414634,1.9337707492148943,6.274048241790177,0.149,0.0,0.853,0.18,74.0,80400.73647099512
129,237,n,0.1761194029850746,0.4130190796857463,1.4039432825769764,0.0,0.0,0.846,0.0,658.0,35558.66963608682
10,296,n,0.4200956937799043,1.6089285714285717,1.432186988238797,0.0,0.0,0.88,0.0,1480.0,88282.22869316227
179,187,n,0.0296610169491525,0.0340236686390532,1.1594611857345778,0.14,0.0,0.303,0.196,202.0,36549.0
122,78,y,0.6334563345633456,1.9660051216389245,1.8984248440354323,0.0,0.0,0.76,0.001,555.0,557809.7222020569
15,282,y,0.1407678244972577,1.3465770171149145,1.2870557875306894,0.113,0.0,0.531,0.097,281.0,14215.870536498842
122,250,n,0.4806866952789699,0.2757352941176471,0.3140444987207501,0.0,0.0,0.82,0.0,470.0,354023.15971511183
10,349,y,1.0700934579439252,0.8718626155878467,2.346617347082656,0.138,0.0,0.798,0.138,263.0,45527.344054484856
118,363,n,0.4841915085817524,1.966647440880708,1.5381648063033486,0.075,0.0,0.823,0.075,559.0,161076.02567367122
167,16,n,0.5191555903049258,1.9996397859235475,8.715534695380084,0.236,0.0,0.833,0.165,526.0,174352.2480432199
10,19,n,0.0056148231330713,1.146797153024911,1.2594883815735831,0.0,0.0,0.735,0.036,917.0,283921.9211379944
175,361,y,0.1936185641769398,1.6336206896551724,2.0137896974974536,0.087,0.0,0.888,0.097,432.0,225004.96833984376
10,129,n,0.2007514761137949,1.1823056300268096,2.4842899563318777,0.0,0.0,0.844,0.0,1439.0,162635.27031246282
16,212,y,0.6794158553546592,0.3709677419354839,4.75411272267108,0.294,0.0,0.85,0.156,821.0,382654.71672096977
106,57,n,0.1583833970507919,0.6550802139037433,1.1062107328217736,0.0,0.0,0.879,0.287,368.0,77565.28724255925
175,282,y,0.0696078431372549,0.0967544396815676,2.049035002623404,0.126,0.0,0.847,0.107,552.0,106829.37931034484
106,283,y,0.4796747967479675,0.7189014539579968,1.5209423318621578,0.083,0.0,0.886,0.083,361.0,251710.220999207
112,526,y,1.047330097087379,0.2095959595959595,2.3447065378900445,0.012,0.0,0.721,0.007,1252.0,1670465.8512719679
175,61,n,0.3192771084337349,1.2334494773519165,2.1661409840285333,0.167,0.0,0.678,0.167,150.0,47528.42653333332
106,508,n,0.1627507163323782,1.904,1.343198487279395,0.142,0.0,0.775,0.142,304.0,371070.41490831965
175,180,y,0.1376228775692582,0.5323318092749837,1.9680471094824945,0.396,0.0,0.736,0.396,107.0,79369.4535101676
112,180,n,0.3296969696969697,1.2952776336274,0.6981467131602738,0.0,0.0,0.676,0.0,2134.0,1476519.7062909382
16,310,n,0.0282178217821782,1.712721145745577,1.5472414677957402,0.122,0.0,0.732,0.216,912.0,409757.11707284243
110,187,y,0.4460651289009498,1.8311688311688312,7.588709677419355,0.138,0.0,0.409,0.221,1187.0,521919.74941398576
110,74,y,0.9190594619036851,0.0277551020408163,0.512273352097925,0.215,0.0,0.826,0.13,1257.0,774211.4196863426
10,16,n,0.1868231046931407,0.6142208774583964,5.859353801316517,0.0,0.0,0.718,0.0,596.0,216749.25
174,30,y,0.2703030303030303,1.0906344410876132,2.4152181678611875,0.292,0.0,0.796,0.243,320.0,322406.3980662869
112,94,n,0.3635698610095099,0.2135802469135802,6.0159985619270175,0.0,0.0,0.723,0.0,1593.0,85500.34379310341
175,19,n,0.0378521126760563,0.5337301587301587,2.4248589940368257,0.0,0.0,0.877,0.15,334.0,246226.72650146484
106,219,n,0.7914078674948241,0.2347826086956521,1.5292250727320815,0.0,0.0,0.739,0.0,549.0,429663.23784002376
110,15,n,0.0071725179312948,1.0328054298642535,0.2103443945437475,0.0,0.0,0.834,0.0,711.0,521112.42121652816
118,190,n,0.6490228013029316,1.976018812827868,3.006355780904092,0.015,0.0,0.717,0.015,966.0,20691.25542767995
175,92,y,0.2538720538720538,1.6544680851063829,2.1078936739497465,0.247,0.0,0.924,0.247,760.0,285641.5420929535
118,74,y,1.129539295392954,1.9957404893112904,1.13356266826204,0.273,0.0,0.83,0.273,298.0,21798.91283679285
110,228,y,0.3132267441860465,1.8478452066842568,0.0575629633266237,0.0,0.077,0.699,0.387,1443.0,1243937.6478710808
106,291,n,1.9601409220676669,1.0903954802259888,0.4672937415467847,0.0,0.0,0.869,0.0,737.0,99971.83176726167
110,89,n,0.1619961612284069,1.836846929422548,0.3448896190295163,0.114,0.0,0.675,0.052,1335.0,445034.6336863426
10,180,n,0.177366702937976,1.3075757575757576,4.653591108620529,0.0,0.0,0.676,0.0,1247.0,458078.2967485191
16,40,y,0.6169792694965449,0.0582147477360931,21.144594779281125,0.001,0.0,0.835,0.001,644.0,245103.5613550792
15,39,n,0.815929203539823,0.9321100917431192,14.201286916350435,0.0,0.0,0.692,0.0,1085.0,223326.80017126043
112,282,y,0.2678809418036428,1.5011256190904998,12.75657894736842,0.0,0.0,0.534,0.02,847.0,427777.13516613806
118,287,n,0.486404833836858,1.922831024620044,1.8718094424067664,0.082,0.0,0.74,0.07,293.0,120738.91798700986
110,248,n,1.7412790697674418,0.3471014492753623,0.7255028397113167,0.0,0.0,0.575,0.0,999.0,426151.7325451434
167,85,n,0.2642390289449113,1.998151631865116,0.0549300752259302,0.0,0.0,0.754,0.0,422.0,196186.34419420068
122,296,y,0.1420289855072463,2.4285714285714284,2.101161781935588,0.153,0.0,0.781,0.198,695.0,154690.84776627147
106,25,n,0.2899118511263467,0.1841085271317829,0.7558269809538455,0.002,0.0,0.722,0.02,707.0,239870.07527103723
110,85,y,0.0295489891135303,1.8046511627906976,0.869004267533915,0.004,0.0,0.672,0.006,279.0,87531.48523159834
175,307,n,0.2661555312157722,1.3191235059760955,3.867620948014754,0.0,0.0,0.68,0.0,622.0,38360.69189189191
112,308,n,1.0732519422863485,0.3878453038674033,1.381895577488134,0.0,0.0,0.801,0.0,2287.0,1269818.5051793873
110,19,n,0.0514056224899598,1.861573373676248,0.2911032383613592,0.001,0.131,0.597,0.304,939.0,61583.407083333324
15,308,n,1.0165745856353592,0.8775100401606426,9.11861832625881,0.0,0.0,0.691,0.0,1313.0,395647.0531036211
110,500,y,0.3877486580359962,0.1555555555555555,21.00514364571572,0.021,0.02,0.736,0.021,726.0,484596.4842740405
122,229,y,0.2878953107960741,1.693422519509476,2.7192162431342384,0.062,0.0,0.566,0.182,326.0,249589.8646894212
167,184,n,0.6084860173577628,1.9975466135692213,0.8060645557003757,0.026,0.0,0.831,0.234,800.0,60159.658057706416
112,184,n,0.469884025439581,0.9373531714956932,3.2228268698282623,0.0,0.095,0.71,0.181,2197.0,373800.84038553986
110,94,y,0.258364953432218,0.5086206896551724,1.566128671790736,0.296,0.0,0.708,0.186,870.0,109645.46273246183
129,74,y,0.68158953722334,1.6826156299840511,3.096419750480252,0.225,0.0,0.814,0.225,235.0,20674.921518632822
10,85,n,0.0838165524512388,0.7298578199052133,0.2891068553512414,0.0,0.0,0.736,0.0,488.0,267794.3884053335
10,88,y,0.0396722725312634,0.6723095525997581,0.3284196758400056,0.257,0.0,0.817,0.257,276.0,422649.0579141731
16,39,y,0.6145251396648045,0.0394904458598726,0.059605629193258,0.018,0.0,0.624,0.102,623.0,357906.84561793634
16,180,y,0.0069686411149825,1.7108843537414966,1.3684634539329137,0.0,0.0,0.675,0.169,756.0,613256.3303682386
167,228,n,0.5637450199203188,1.997217559057309,0.8544157133924302,0.0,0.0,0.789,0.097,606.0,101982.6277251259
174,533,n,0.2736455463728191,1.328780487804878,0.8453753789454913,0.001,0.0,0.734,0.043,468.0,207533.58666418126
112,40,n,0.8862867551392142,0.4573234984193888,3.761336045672288,0.0,0.0,0.695,0.036,1979.0,663124.9095238096
15,1,y,0.2040243331773514,0.9095744680851064,3.3465203617597465,0.23,0.0,0.738,0.295,16.0,48930.75
118,296,y,0.721465076660988,1.976043474549748,1.0690778389306974,0.195,0.0,0.769,0.195,21.0,6098.84773596868
110,30,y,0.1146019278828989,0.4537968892955169,1.4369679837377716,0.208,0.0,0.86,0.314,967.0,27991.302795475553
175,62,n,0.7411367473269556,1.7542972699696664,2.0919436728982967,0.0,0.0,0.803,0.012,756.0,140953.1558933333
106,180,y,0.1123919308357348,1.1645865834633384,3.189531914893617,0.297,0.0,0.828,0.297,749.0,337065.5524916095
106,88,n,0.0235555555555555,0.7971204188481675,0.2466378644852851,0.0,0.0,0.933,0.0,808.0,529460.5724614679
106,46,y,0.2185767097966728,0.2913043478260869,4.438172143043203,0.045,0.0,0.806,0.045,413.0,590998.2689851096
118,25,n,0.6869009584664537,1.9824971127935327,0.3805681818181818,0.2,0.0,0.735,0.144,248.0,121982.30143894677
118,61,n,0.6906122448979591,1.975868188922148,1.085488779003423,0.157,0.0,0.805,0.157,339.0,41448.30712250713
167,300,n,1.2712121212121212,1.999266302752832,2.2824170648004847,0.009,0.0,0.862,0.007,414.0,91322.97872340425
106,2,n,0.261978021978022,0.8831360946745562,2.0070128246709853,0.092,0.0,0.706,0.126,274.0,446979.7186836905
106,24,n,0.481609692773691,0.7526205450733753,1.1598993077407174,0.025,0.0,0.779,0.084,343.0,227637.7018279832
167,19,n,0.3354297693920335,1.996945481599868,1.1026588880524788,0.0,0.0,0.875,0.013,454.0,172136.79842943628
129,223,n,0.9538361508452536,1.252679938744257,2.201532765500307,0.0,0.0,0.667,0.0,620.0,81457.6167941954
175,310,y,0.1644444444444444,0.6241914618369987,1.9783813242086643,0.648,0.0,0.847,0.485,94.0,2000.4621414280555
175,257,n,0.0644859813084112,0.1881754609027336,2.212503524505008,0.098,0.0,0.793,0.098,681.0,187812.31519674277
167,2,n,0.6326825741142444,1.999858360099929,2.0052088135000075,0.095,0.0,0.775,0.06,346.0,250010.45592930022
106,361,y,0.1669157947184853,0.7162162162162162,1.6421726974130677,0.089,0.0,0.805,0.1,232.0,243086.81851574185
10,301,n,0.8495330335524041,0.1308411214953271,3.619473116623016,0.218,0.0,0.897,0.105,1639.0,163616.39434924623
129,300,y,0.9050179211469536,1.2769230769230768,1.9748101807760523,0.098,0.0,0.687,0.061,320.0,114687.88375174163
129,187,y,0.1911652703731911,0.4240654205607476,1.297636950389777,0.06,0.0,0.329,0.045,210.0,45964.18925190333
10,25,y,0.353213129912159,0.0822784810126582,0.2522030532456249,0.311,0.0,0.697,0.228,1242.0,174302.5491021172
175,72,y,0.0219683655536028,0.5299319727891156,1.5555809677429062,0.172,0.0,0.625,0.172,165.0,25206.527899047593
16,92,n,0.1239804241435562,0.1133501259445843,8.120574787720445,0.0,0.0,0.795,0.0,405.0,79476.43176229355
16,520,n,0.0242109814094249,0.4123563218390804,0.7406059550757443,0.0,0.0,0.696,0.0,628.0,55955.03341099576
129,61,y,0.1574139142656359,0.8923654568210263,2.997991884730043,0.27,0.0,0.78,0.27,274.0,2866.5487072042306
167,180,n,0.4932079414838035,1.9965277670467008,3.882736156351792,0.0,0.0,0.73,0.0,626.0,141032.7912027719
122,15,n,0.3188405797101449,0.7703984819734345,4.68833688374924,0.0,0.0,0.735,0.0,689.0,77614.3328332617
10,187,n,0.3949169110459433,0.889763779527559,5.593120707717379,0.17,0.0,0.33,0.125,1053.0,31327.56840925332
129,286,y,0.2064923354373309,0.6206212822207535,0.8562807200286449,0.0,0.0,0.829,0.0,524.0,41345.81520792647
112,24,y,0.678669514800122,0.4540023894862604,7.7922543352601155,0.042,0.0,0.673,0.155,869.0,172160.01032343748
122,349,n,0.8420619687414314,0.4093637454981992,0.5983645749526866,0.0,0.0,0.748,0.113,468.0,133786.46230480593
167,296,n,0.6946216955332726,1.9988046213061947,1.534384929641398,0.138,0.0,0.768,0.138,751.0,6831.53897661579
118,78,n,0.2195985832349468,1.0397154964969442,3.881489594742607,0.0,0.0,0.683,0.051,710.0,220674.94693732198
129,228,y,0.0574162679425837,0.1751012145748987,4.091170799635798,0.0,0.0,0.85,0.265,127.0,79634.33511507857
15,221,y,0.6005302695536898,0.1484375,0.1018322725804939,0.0,0.0,0.611,0.0,495.0,176806.83661061537
10,287,n,0.1331476323119777,1.2971516551193225,1.7726498760757088,0.0,0.0,0.731,0.027,1479.0,195436.963664351
16,258,y,0.3663716814159292,1.9297511049081184,2.4412816701620077,0.094,0.045,0.663,0.355,910.0,311049.94835711515
15,361,n,0.27409200968523,0.8641975308641975,1.7626082617528602,0.0,0.0,0.692,0.0,755.0,123479.54178805009
16,61,y,0.1929065743944636,0.9980506822612084,46.33254076086956,0.256,0.0,0.657,0.19,552.0,339770.0600179364
16,361,y,0.0552173913043478,0.6812297734627831,2.34047443391408,0.273,0.022,0.808,0.191,196.0,33196.14149911518
112,190,y,0.4448005698005698,0.5095011876484561,1.088592721190693,0.001,0.0,0.616,0.002,569.0,606697.0390480426
167,287,n,0.4544480171489817,1.996067087947199,1.7152665091213266,0.052,0.0,0.774,0.083,782.0,120367.82269503546
122,62,y,0.5368120085775554,0.2084548104956268,2.7315196238232127,0.002,0.124,0.701,0.108,762.0,44868.43055172416
122,60,n,0.0716049382716049,1.0483333333333331,1.580740419551143,0.0,0.0,0.791,0.0,619.0,179033.91455172416
129,24,y,0.3473748473748473,1.5237388724035608,2.207622435587484,0.006,0.0,0.763,0.005,720.0,147425.99956169503
16,73,n,0.1357649442755825,1.6422594142259417,16.749934674679906,0.0,0.0,0.731,0.028,285.0,288648.5627265078
118,237,n,0.7087628865979382,1.9576213647165328,3.702882037533512,0.125,0.0,0.874,0.125,767.0,327.07445130572887
129,78,y,0.561618062088429,1.799926206069551,1.9244470610978812,0.0,0.0,0.764,0.0,606.0,163539.0729874704
106,286,n,0.073186119873817,1.412094064949608,5.319473518194592,0.021,0.0,0.798,0.02,464.0,22666.94814628223
15,268,y,0.2414928649835346,1.0088353413654618,5.437050712966964,0.015,0.0,0.628,0.015,276.0,336397.89176973887
129,234,y,0.8643122676579925,1.521311475409836,1.1562515176954618,0.0,0.0,0.903,0.05,720.0,54434.253652652056
106,256,n,1.711883904079285,1.1450617283950617,0.8685992955838526,0.001,0.0,0.606,0.001,1167.0,63997.718190794054
174,228,y,0.0797912005965697,0.1595238095238095,7.033298707294552,0.0,0.0,0.713,0.405,87.0,37712.183875889634
112,255,n,1.07119021134594,1.0083333333333333,3.095906578048326,0.361,0.0,0.826,0.173,759.0,912241.2187501332
179,24,y,0.1948717948717948,1.3241525423728813,2.2496290365625837,0.081,0.323,0.69,0.133,709.0,134379.59454362743
174,237,n,0.0427769985974754,0.0995962314939434,0.0775475473173424,0.001,0.0,0.687,0.001,531.0,76943.31914893616
110,112,n,0.1182456140350877,0.554635761589404,3.0472465545771183,0.0,0.0,0.878,0.0,907.0,37028.67583333331
175,2,n,0.2879353233830846,1.8941666666666668,1.8229347166307608,0.012,0.0,0.745,0.169,835.0,353208.1773718836
174,291,n,1.946863398381723,2.7416413373860182,7.332748115253537,0.001,0.0,0.761,0.082,620.0,118648.57737856283
16,268,y,0.0147783251231527,1.6777668952007836,0.4068288444830582,0.0,0.001,0.817,0.01,489.0,460172.1084998866
175,46,y,0.1865030674846625,1.4349854227405248,1.940553947821661,0.096,0.0,0.678,0.096,1142.0,550493.40307393
106,308,n,0.9182327728321794,0.6848249027237354,4.825875972311425,0.163,0.0,0.856,0.163,847.0,252555.64467004838
112,520,y,0.3312704768838733,0.0606435643564356,0.2296156520011917,0.179,0.0,0.811,0.081,485.0,272124.51477911643
16,307,y,0.4276196244700181,1.959870287798946,2.6130884150096154,0.008,0.036,0.646,0.027,658.0,500063.41665371123
129,2,n,0.1203007518796992,1.8093333333333328,1.9625976034647783,0.298,0.0,0.733,0.087,985.0,289349.7310318483
129,356,n,0.1297220242337847,0.7955032119914347,1.2038336008078332,0.0,0.0,0.901,0.0,1027.0,146835.57928695026
175,88,n,0.0131815458358298,1.7987637362637363,2.120005214863335,0.0,0.0,0.807,0.0,1379.0,481868.88910493825
118,89,n,0.4626436781609195,1.949477672815304,1.2469126173205418,0.179,0.0,0.823,0.41,270.0,52560.52144892144
122,291,n,1.9509896442817056,0.6,2.7623370021888647,0.0,0.0,0.879,0.0,770.0,55663.89521344428
106,356,n,0.0095693779904306,0.2557803468208092,13.813332157658056,0.0,0.0,0.845,0.0,608.0,198292.2848633981
16,46,y,0.3310232368528332,0.4232987312572088,0.972039099795408,0.4,0.0,0.643,0.205,510.0,158192.9064566158
122,30,y,0.2326869806094182,0.2154779969650986,4.027238455399928,0.01,0.0,0.76,0.134,142.0,144949.2718816506
179,190,n,0.112041210560206,0.5539452495974235,1.0719612717519298,0.0,0.0,0.768,0.0,839.0,49286.55850252634
122,19,n,0.2753938077131993,1.4218415417558887,9.457349237276054,0.0,0.043,0.782,0.091,202.0,149627.88195798534
118,256,y,1.8080362929358396,2.008626619282357,0.2507485029940119,0.002,0.0,0.618,0.002,154.0,34608.30771037156
174,43,n,0.266875,0.7762430939226519,0.2926143884013114,0.087,0.0,0.691,0.055,1033.0,316660.10971424385
175,256,n,1.7126995142262318,2.2907268170426067,2.0594304667140486,0.004,0.0,0.719,0.004,272.0,40279.51999999999
15,223,y,1.177066450567261,0.6030042918454935,1.4940568379018866,0.427,0.0,0.57,0.427,477.0,393941.98299585015
174,61,y,0.0613456464379947,0.6197183098591549,80.53220338983051,0.388,0.0,0.755,0.313,136.0,50521.89031785121
10,520,y,0.1912181303116147,0.1904761904761904,24.703958128884526,0.264,0.0,0.838,0.264,97.0,145972.89976074934
174,78,y,0.6269565217391304,1.853565087375012,1.5847965045715673,0.0,0.0,0.752,0.0,477.0,121035.70898382217
110,300,n,1.0894850205600155,0.495188101487314,2.055028784287165,0.058,0.0,0.553,0.106,928.0,219324.40764809595
110,291,n,1.965760077707625,0.4108258154059681,1.0241178856293092,0.0,0.0,0.749,0.0,986.0,416851.80225061614
10,500,n,0.3359408952629291,0.5509554140127388,4.0217258505750175,0.001,0.0,0.632,0.001,797.0,46992.386459544534
110,357,n,0.0778283978739559,1.7578947368421052,5.7963594262558695,0.0,0.0,0.845,0.0,474.0,569689.4097222222
122,25,y,0.075541225241824,0.5338491295938105,2.518206888788834,0.0,0.004,0.727,0.053,445.0,56618.22295860044
106,301,y,0.7948907811921511,0.2547770700636942,2.873831402317219,0.0,0.0,0.797,0.015,1075.0,217761.23712670014
106,179,y,0.293076522644456,0.6687344913151365,3.1587222628627165,0.214,0.0,0.837,0.315,907.0,49246.34868393099
110,349,n,1.1100900569748209,0.2095509622238061,3.464203406813627,0.0,0.0,0.648,0.154,447.0,624242.942038489
16,286,y,0.1858695652173913,1.826628895184136,0.6243749935299537,0.013,0.001,0.794,0.008,464.0,205572.42702959865
106,257,n,0.0361881785283474,1.2158010241404535,0.3032982316709716,0.0,0.0,0.653,0.0,722.0,261234.48791481182
106,39,n,0.7087087087087087,0.7433155080213903,19.66909039064728,0.0,0.0,0.763,0.0,623.0,89451.98543172644
10,357,y,0.0250521920668058,0.6459709379128138,6.999601196410768,0.189,0.0,0.867,0.189,160.0,1326.8350373191643
167,30,n,0.4047217537942664,1.9993286914166173,1.76362470197989,0.146,0.0,0.663,0.146,697.0,214845.51003248582
129,349,n,0.8964271376957046,2.044701986754967,0.3124336683331342,0.0,0.0,0.755,0.0,802.0,62615.11630666963
112,221,y,0.6914450496635693,0.4661921708185053,3.244140080373985,0.031,0.0,0.614,0.014,830.0,5179.669219918462
16,184,y,0.1491635687732342,1.5493150684931507,9.201209633869748,0.213,0.0,0.765,0.062,829.0,110091.188587999
112,268,y,0.3347947389398166,1.1915526472337894,0.5620583502413768,0.0,0.094,0.636,0.091,836.0,1139950.5666797003
16,219,n,0.6389748121961998,1.2760180995475112,2.460318502708915,0.0,0.0,0.682,0.012,564.0,710602.1500566094
16,174,y,0.1524725274725274,1.545201668984701,0.097450322112331,0.128,0.004,0.576,0.287,725.0,421561.6684175677
118,248,y,1.801792162632072,2.0069900020053284,0.981846045031239,0.269,0.0,0.755,0.269,857.0,41653.73970492596
167,516,n,0.6822074215033301,1.9974853734662676,24.49228333992877,0.158,0.0,0.86,0.158,982.0,73222.6260902512
112,237,y,0.5078627591136526,0.8393162393162393,0.779406076115095,0.0,0.0,0.705,0.0,784.0,634875.3185187565
16,257,n,0.0972944849115504,1.7678018575851393,21.146302943287868,0.169,0.0,0.802,0.101,743.0,54942.466488478574
15,75,y,0.1770715096481271,1.0305958132045088,0.1225862839952843,0.0,0.0,0.801,0.376,385.0,499113.6963942444
15,174,n,0.3790485829959514,0.6935312831389183,9.18309609591873,0.0,0.0,0.788,0.013,1166.0,298200.951297877
15,281,n,0.3463235294117647,1.9690361750569187,1.4441624365482233,0.03,0.0,0.608,0.03,1581.0,140060.81526808103
129,526,n,0.7478260869565218,1.2816455696202531,81.3938803352173,0.0,0.0,0.826,0.0,569.0,152444.16893042263
112,257,n,0.256900212314225,1.3610301263362488,3.738477834621712,0.0,0.0,0.569,0.065,1106.0,12118.93945282494
122,234,y,0.8152769324406574,0.1467065868263473,0.9321316444040898,0.0,0.004,0.917,0.038,742.0,103319.83052308593
167,291,y,1.9723499655093124,2.000377027294304,0.1622708210584688,0.0,0.0,0.822,0.0,76.0,54200.58092466212
175,94,y,0.1701363962670495,1.5362438220757826,2.0335643487628947,0.205,0.0,0.87,0.205,356.0,265809.315886057
110,196,y,0.6158499697519662,1.2622950819672132,0.1984013814575947,0.0,0.0,0.751,0.012,1712.0,739017.0421199
167,94,n,0.5063078216989066,1.999306016164296,1.032555483028721,0.151,0.0,0.868,0.151,678.0,173223.49424730637
106,94,y,0.143424317617866,0.4766734279918864,1.2506907393292683,0.218,0.0,0.896,0.218,358.0,313484.1699979211
110,180,y,0.2303007232584697,1.8695388349514563,2.60533219784899,0.199,0.0,0.646,0.346,1466.0,1451058.1900663278
15,85,y,0.0366774541531823,0.5010638297872341,0.6902785216925549,0.176,0.0,0.662,0.176,493.0,223603.29715850748
129,296,y,0.2152932442464736,0.9410958904109588,2.073954004871758,0.38,0.0,0.805,0.38,75.0,29736.76968065856
16,287,y,0.0513733468972533,1.7188581314878892,2.5258627148653923,0.151,0.0,0.796,0.109,989.0,40155.27070353614
175,286,y,0.0430950048971596,0.1360174102285092,1.6946626804393576,0.014,0.0,0.908,0.013,514.0,78667.875
112,234,n,1.1296914095079231,0.4528101802757158,1.0954197631596356,0.0,0.0,0.764,0.0,632.0,532019.0537181932
106,296,n,0.3561573837506387,1.3591549295774648,1.639597764005347,0.101,0.0,0.782,0.101,951.0,5953.01008591213
16,256,n,1.6856134849078792,0.5141562853907135,4.029161935044288,0.002,0.0,0.67,0.002,1234.0,302068.6910616716
174,39,n,0.470679012345679,1.4024144869215291,0.1531598513011152,0.106,0.0,0.786,0.083,92.0,42894.377517851215
118,46,n,0.2260619150467962,1.983259368413838,13.609179019384264,0.266,0.0,0.757,0.266,1467.0,367312.55336563993
175,249,n,1.4339469409853818,2.011627906976744,1.4480051753587146,0.022,0.0,0.434,0.275,119.0,64097.414697096916
174,310,y,0.147036181678214,0.5497674418604651,1.5427595413852675,0.253,0.0,0.717,0.179,205.0,4607.56829806001
10,356,y,0.0737913486005089,0.4446130500758725,5.013410712885264,0.381,0.0,0.788,0.381,123.0,114678.09642101417
179,248,n,1.604459930313589,2.576547231270358,3.029422896311975,0.074,0.0,0.774,0.049,746.0,61205.68607196993
106,287,n,0.0671773718326458,1.1396468699839486,1.625240192467439,0.13,0.0,0.829,0.099,976.0,248156.58895334418
10,74,n,0.873389175257732,0.6766561514195584,0.6620759962928637,0.0,0.0,0.814,0.0,1126.0,128225.04795125843
15,72,n,0.1069004524886877,0.9179916317991632,5.500036456434561,0.0,0.0,0.894,0.0,993.0,258267.2758398318
129,46,y,0.3492419988770354,1.1543798785776236,1.7410864661270402,0.393,0.0,0.861,0.393,1336.0,443217.5720230198
122,257,n,0.1829405162738496,1.5776293823038396,4.102079923350233,0.003,0.0,0.674,0.042,757.0,95805.61654559875
122,89,y,0.1656084656084656,1.3253164556962025,4.158683828162168,0.126,0.0,0.827,0.096,397.0,62245.71155172415
129,19,n,0.1944894651539708,0.0678851174934725,5.639675796008591,0.003,0.0,0.741,0.111,365.0,200439.48179283517
10,46,y,0.1690777576853526,0.1685214626391097,9.109918087226037,0.0,0.0,0.886,0.0,408.0,472721.98605322244
179,255,n,0.6582278481012658,2.031073446327684,2.08749876274374,0.137,0.0,0.765,0.086,667.0,25544.354609929054
16,2,y,0.1521235521235521,0.1615302869287991,1.9921665340184584,0.26,0.428,0.702,0.423,344.0,157920.75
16,187,n,0.2111913357400722,1.5631067961165048,0.0363993943840042,0.021,0.003,0.245,0.119,564.0,174464.32449045137
167,274,n,0.7391304347826086,1.9968583315965387,2.310766836445953,0.0,0.0,0.93,0.098,945.0,44065.39583333334
122,175,y,0.2416953035509736,1.6247364722417428,1.489243201798529,0.0,0.0,0.795,0.111,498.0,298722.828091954
106,520,n,0.1265447355412753,0.3164794007490636,6.131929824561404,0.0,0.0,0.888,0.0,593.0,229224.6672530168
10,61,n,0.3612933458294283,0.304270462633452,0.5948176845056165,0.0,0.0,0.732,0.0,1065.0,170365.91108268703
106,78,n,0.4493628437290409,1.935039490601849,2.4936904941816533,0.0,0.0,0.736,0.0,510.0,435705.35473411623
112,25,n,0.5015695849319847,0.2169014084507042,40.31031220435194,0.0,0.0,0.574,0.075,2087.0,142804.2467568493
118,274,n,0.7587939698492462,1.9369493624567231,2.758752830517332,0.0,0.0,0.848,0.062,265.0,36004.39208044269
167,257,n,0.4112458654906284,1.9955962520241788,0.5865347523202251,0.17,0.0,0.799,0.17,217.0,126148.97750413846
118,167,y,0.0408432147562582,1.8130666071287715,0.7943826179120297,0.625,0.0,0.829,0.625,847.0,13747.2654879998
10,75,y,0.1300722623679822,1.2226056945642796,1.0095224291615337,0.001,0.0,0.868,0.051,434.0,467206.1964519544
112,43,y,0.2039877300613496,0.1611721611721611,0.585106548090205,0.0,0.0,0.71,0.06,277.0,920.7797320617537
112,187,n,0.5255212077641984,0.8681898066783831,0.9208792119696614,0.026,0.584,0.401,0.17,1856.0,520154.5136363059
118,184,n,0.6440831074977417,1.952176249328318,1.3789435403218475,0.069,0.0,0.85,0.232,136.0,53490.81853224579
167,39,n,1.020886075949367,1.999576735918962,7.806338028169014,0.0,0.0,0.66,0.0,593.0,30900.56389186994
10,256,n,1.7356166560712016,1.0349162011173183,0.3824788592859923,0.0,0.0,0.58,0.0,1724.0,150950.9764595825
118,30,n,0.4302981466559226,1.98732331875515,1.8990932110140395,0.196,0.0,0.715,0.196,583.0,210987.40058189502
167,234,n,1.241850683491062,1.9995720692537169,5.713401556467921,0.133,0.0,0.828,0.154,58.0,31376.255319148928
167,60,n,0.5662650602409639,1.9981760276283211,8.761069071003059,0.21,0.0,0.716,0.21,50.0,3486.5133995586075
106,30,y,0.0160401002506265,0.4375,1.681060256106626,0.186,0.0,0.734,0.186,426.0,379845.5312630418
112,533,y,0.194722474977252,1.7331243469174504,1.4259189030420654,0.051,0.0,0.766,0.035,1910.0,2269834.7992232237
167,212,n,1.0813064628214035,1.999206609422944,0.4102078679338155,0.104,0.0,0.904,0.104,654.0,48825.880189496675
174,530,n,0.5940803382663847,1.0425963488843812,4.012337250694885,0.001,0.164,0.548,0.115,455.0,47331.77671962607
175,75,n,0.098821396192203,0.4352367688022284,2.282719950506486,0.0,0.0,0.768,0.0,566.0,83367.1188
110,72,y,0.1140833988985051,1.831683168316832,7.333222349061391,0.363,0.0,0.868,0.248,1140.0,970754.8296863425
110,308,y,1.024543738200126,0.1358355674709562,16.33667111704495,0.425,0.0,0.758,0.271,1637.0,1251008.3787008598
112,286,y,0.1526479750778816,1.5091911764705883,1.3323411468022657,0.0,0.12,0.693,0.058,1240.0,585216.9128822092
174,268,n,0.1351145038167938,0.3575184016824395,0.3178040860160065,0.001,0.101,0.62,0.024,515.0,14901.639264990314
167,310,n,0.501039501039501,1.9967132762315944,3.17664841898848,0.132,0.0,0.818,0.194,701.0,59662.87555117626
122,94,y,0.0894833948339483,0.2752,2.256114252195591,0.025,0.0,0.904,0.038,177.0,97589.95502248875
15,60,y,0.2958248472505091,0.423170731707317,3.626851560037819,0.271,0.0,0.745,0.271,148.0,141560.82158840325
122,500,y,0.0612157534246575,0.0873124147339699,0.8333550488599348,0.001,0.007,0.599,0.124,45.0,66971.72837037808
16,349,n,0.9370975730559684,0.3216187433439829,1.4672060466546193,0.012,0.0,0.78,0.214,430.0,225741.0195868602
122,310,y,0.0857908847184986,1.5162995594713655,1.8194690855177125,0.0,0.0,0.873,0.1,623.0,294290.0207057544
15,356,y,0.119146722164412,0.1453333333333333,23.570425093859757,0.153,0.0,0.727,0.153,50.0,74136.49762138346
122,187,n,0.1180521396950319,1.2233009708737863,1.099189199104817,0.022,0.0,0.313,0.06,333.0,100472.95646747804
110,118,n,0.3249630723781389,1.9976372530395137,1.434365277706941,0.016,0.0,0.72,0.01,1889.0,653113.3492788462
175,508,y,0.183288409703504,0.7328431372549019,2.033759338983378,0.441,0.0,0.868,0.441,319.0,95908.88346558664
10,228,n,0.2585848074921956,1.0577319587628866,1.0412941323241984,0.0,0.0,0.74,0.0,1229.0,360417.171219237
167,538,n,0.3647798742138364,1.9906309471526864,0.8634710673500202,0.0,0.0,0.795,0.0,449.0,43910.32744300568
175,219,n,0.8386308068459658,1.2089971883786317,2.017615249703792,0.0,0.0,0.714,0.0,567.0,121180.3125
112,78,y,0.253831417624521,1.946913823703412,1.1114764125697685,0.0,0.0,0.818,0.193,940.0,1718047.8405263158
16,25,y,0.1842217484008528,0.6856649395509499,4.520096609551586,0.0,0.0,0.826,0.041,718.0,293.8406533637608
122,167,n,0.5942704863424384,1.9994556053281356,2.928304279603637,0.0,0.0,0.821,0.043,658.0,169165.01678132245
106,229,y,0.073833431777909,1.1760828625235404,0.4866465941972315,0.216,0.0,0.574,0.213,582.0,86747.22616598167
118,249,n,1.6104771784232366,2.00171816385556,2.3026914916442176,0.142,0.0,0.536,0.113,101.0,154132.59512675783
175,237,n,0.3272146847565842,0.8385502471169687,1.856465486636776,0.01,0.0,0.891,0.01,611.0,74333.12765957447
118,300,n,1.2903682719546743,1.9846652820848387,2.675166477180445,0.023,0.0,0.726,0.016,394.0,88287.30319566804
110,533,n,0.1019708654670094,1.9653130287648053,12.246853595168202,0.0,0.131,0.713,0.042,1184.0,2208870.854325397
15,57,n,0.2658227848101265,0.6046228710462287,1.377775484581119,0.0,0.0,0.677,0.0,809.0,37763.24538268894
118,228,n,0.5985060690943044,1.945509472317118,1.409159776633046,0.0,0.0,0.851,0.104,180.0,127689.48304697184
15,291,n,1.965359491261464,1.3105849582172702,0.8602921082197188,0.186,0.0,0.727,0.186,247.0,2093.136464927229
112,250,y,0.848384424192212,0.0323450134770889,1.4780705133143313,0.02,0.0,0.648,0.184,827.0,1186331.6770520294
112,357,y,0.1710261569416499,0.675,0.7915710068875041,0.0,0.0,0.89,0.03,605.0,560507.1012500001
10,250,y,0.7411720510894064,0.1814058956916099,2.9708292315710234,0.198,0.0,0.786,0.198,322.0,325624.3142727078
110,129,y,0.2537537537537537,1.8399705014749264,4.277829030376209,0.315,0.0,0.782,0.16,1749.0,824987.1509485336
167,255,y,1.188976377952756,2.000012360423777,1.5190667193943843,0.268,0.0,0.653,0.268,65.0,38044.496453900705
10,89,y,0.107027027027027,1.0052246603970745,0.8136484665198382,0.0,0.0,0.836,0.23,1179.0,31249.11686017015
10,174,n,0.3348236462990561,0.9419279907084784,6.390598402514076,0.0,0.0,0.802,0.0,1215.0,266279.9754567528
106,235,n,0.6111822449850619,0.4195121951219512,2.612206319200648,0.24,0.0,0.831,0.24,282.0,127145.26149664345
10,184,n,0.3190307925290257,0.9541809851088202,0.9997686055592514,0.0,0.0,0.771,0.245,1320.0,45086.84503172053
122,268,n,0.1198083067092651,1.4467425025853151,1.3717252548347147,0.0,0.0,0.783,0.0,514.0,336471.0652088319
112,516,n,0.5096118969894813,1.0,0.650007680884838,0.054,0.0,0.734,0.035,3017.0,1099356.3313733619
112,349,y,1.1674445740956827,0.6910499139414802,1.7883751623134725,0.014,0.0,0.66,0.155,744.0,619349.5427684182
112,196,y,0.7010276172125883,0.4384349827387802,3.3617017484449354,0.237,0.0,0.757,0.11,2354.0,740722.8959738321
179,249,n,1.2645393721049922,2.014084507042253,0.042003719967863,0.0,0.288,0.521,0.214,60.0,113197.81834882469
16,89,y,0.0784023668639053,1.6014851485148516,19.37979268140377,0.363,0.0,0.813,0.127,666.0,138155.0320750792
112,72,n,0.2086811352253756,1.121536523929471,1.5363397256625382,0.0,0.0,0.851,0.0,1819.0,978028.0380952382
16,19,y,0.1864493122771268,1.666323377960865,5.115400017798345,0.001,0.085,0.805,0.117,394.0,109727.89990069058
174,287,y,0.1968503937007874,0.4819863680623174,2.47992318147551,0.273,0.0,0.658,0.212,174.0,184714.32624113475
118,223,n,1.474021352313167,1.986234610123119,0.4701754385964912,0.201,0.0,0.632,0.201,760.0,128312.89647632901
118,508,n,0.5799803729146222,1.9504656459937144,0.5361973709277957,0.154,0.0,0.78,0.154,457.0,183607.22007483518
15,92,n,0.3459801264679313,0.8893058161350844,0.7720674011665587,0.001,0.0,0.597,0.001,206.0,240052.2978460886
16,250,n,0.5759180790960452,0.4194078947368421,0.8630773207481093,0.0,0.0,0.829,0.016,441.0,480906.00723352266
175,43,n,0.021137026239067,1.339524517087667,1.882691338670847,0.043,0.0,0.885,0.027,1053.0,312377.3369663942
112,228,n,0.4118781334361743,1.0595744680851065,3.146110987296635,0.0,0.0,0.725,0.0,2096.0,1262489.0498633708
112,283,n,0.7002465656921452,1.0078740157480317,3.561656836824622,0.0,0.0,0.728,0.144,1527.0,1267749.8050133996
129,533,n,0.1758893280632411,1.1430536451169189,0.7030561711674738,0.0,0.0,0.83,0.0,576.0,241180.43261439865
112,174,n,0.4663726571113561,0.9239302694136292,0.8419158126535107,0.0,0.906,0.904,0.197,2088.0,1056299.0951899502
15,30,y,0.1074950690335305,0.6,1.5270872203072836,0.113,0.0,0.953,0.113,942.0,256713.75
129,357,n,0.1927272727272727,0.6304128902316214,1.3945880195131892,0.0,0.0,0.869,0.0,933.0,93756.69306136429
174,257,n,0.2409638554216867,0.6025408348457351,14.418766908728465,0.042,0.0,0.554,0.059,569.0,190419.42135337472
112,287,y,0.2843543046357616,1.2755484216158373,2.1780779858765738,0.0,0.0,0.668,0.133,2489.0,44606.2044902872
122,92,y,0.0261437908496732,0.0733427362482369,2.8673461782133938,0.0,0.0,0.755,0.001,483.0,134572.7136431784
110,92,n,0.354287556415216,0.2232597623089983,0.9440393393176586,0.163,0.0,0.587,0.137,397.0,25338.0868703929
110,237,n,0.4303071211609854,1.7741203178206584,5.6451796789492885,0.0,0.0,0.685,0.0,800.0,636580.8220387201
122,526,n,0.6885764499121265,0.107773851590106,15.097711109783065,0.0,0.0,0.822,0.0,583.0,530750.9295227423
122,356,n,0.2085587801278898,0.8606403013182674,0.9862394884981583,0.0,0.0,0.815,0.0,679.0,6279.343013200414
10,257,n,0.0936607652769845,1.3635097493036212,0.7991283814286211,0.0,0.0,0.69,0.0,492.0,210120.5001081981
122,184,n,0.0409504550050556,1.2580195258019526,5.177900569782731,0.239,0.0,0.872,0.087,544.0,42733.153710224404
167,283,n,0.8428701180744778,1.998558988790076,1.350599752568447,0.0,0.0,0.87,0.0,463.0,102953.05673758866
15,301,n,0.8865148861646235,0.3831041257367387,2.461628239329268,0.05,0.0,0.746,0.033,1591.0,132536.49554384453
112,75,y,0.291511387163561,1.2162485065710873,3.210563792585091,0.0,0.121,0.791,0.163,1003.0,1498162.75
122,300,n,0.8430906389301634,0.3044776119402985,1.96836949278686,0.053,0.0,0.723,0.089,182.0,22482.4083984975
167,221,n,0.8285243198680956,1.998651614587275,0.8011616534600108,0.148,0.0,0.901,0.148,246.0,122923.39583333334
167,57,n,0.5183752417794971,1.9981803029588303,0.8727793945185249,0.0,0.0,0.84,0.078,535.0,47139.08550241578
167,219,n,1.236619718309859,1.9986963922191296,1.3618342228515412,0.162,0.0,0.731,0.162,177.0,180676.97916666666
122,363,y,0.1557916034395549,1.0988074957410563,7.592662995551549,0.038,0.0,0.814,0.119,194.0,118856.96755824558
167,40,n,1.019023462270133,1.999601040440772,0.5998420625773679,0.0,0.0,0.825,0.0,600.0,16539.402239558607
15,219,y,0.8924574209245743,0.1703821656050955,1.6418541535556954,0.238,0.0,0.854,0.238,397.0,590411.5966170896
110,75,n,0.1851851851851851,1.8952583156404808,0.1006083116981561,0.0,0.0,0.787,0.0,645.0,1470229.8622222224
10,526,y,0.9371884346959124,0.3826638477801268,1.59363890338624,0.299,0.0,0.871,0.299,599.0,543408.3962470829
167,254,n,0.4752370916754478,1.9961781217536805,7.639830117256024,0.125,0.0,0.624,0.109,433.0,99989.62101063831
112,212,n,0.9651321165894852,0.156084656084656,16.82382615444315,0.0,0.0,0.62,0.0,2213.0,971141.3945553983
129,26,y,0.1115444617784711,0.3773773773773773,4.457457099317565,0.185,0.0,0.715,0.185,348.0,156998.99373566825
106,76,n,0.8824656659214308,0.9059561128526644,66.78190630048465,0.0,0.0,0.751,0.034,681.0,312816.86194657284
129,520,n,0.0549305095962938,1.1808383233532933,1.6614454817709214,0.0,0.0,0.936,0.0,1007.0,165269.91695333517
112,258,n,0.0313264806656877,1.786767061839154,2.1512908877456853,0.0,0.0,0.877,0.0,2359.0,818364.6274726782
179,237,n,0.0186980609418282,0.0112676056338028,1.277342960796198,0.0,0.0,0.868,0.0,661.0,25096.95744680852
174,88,n,0.2882051282051282,1.5768115942028986,12.147258862324817,0.0,0.0,0.76,0.0,1354.0,488307.9979777314
106,43,n,0.0225063938618925,0.1042345276872964,15.084102072600936,0.023,0.0,0.841,0.014,732.0,375794.17017529026
106,26,y,0.0242800677583286,0.7070938215102975,0.6882556401977074,0.129,0.0,0.694,0.129,465.0,247722.7686673736
167,258,y,0.1662371134020618,1.9851439883257704,1.7538069300245134,0.001,0.0,0.713,0.1,723.0,22463.6139817629
175,1,n,0.1155405405405405,1.704527402700556,1.2470920147807725,0.0,0.0,0.823,0.0,960.0,218496.532202216
167,282,n,0.4184149184149184,1.995203703703704,0.7383850818401495,0.04,0.0,0.828,0.047,102.0,47332.712643678184
16,356,n,0.1116774791473586,1.1619585687382297,0.1727943403311972,0.0,0.0,0.629,0.001,647.0,82539.18566578181
15,76,n,0.9814092953523238,1.0903328050713157,7.818570859872612,0.381,0.0,0.705,0.337,162.0,220278.44512773602
16,283,y,0.3644736842105263,1.9478260869565216,2.4737999146897662,0.012,0.0,0.777,0.052,341.0,518063.65574214904
175,357,n,0.0300157977883096,1.026580459770115,1.853928070898294,0.0,0.0,0.682,0.0,795.0,149681.79058593753
106,89,n,0.0495444191343963,0.8187565858798735,0.320288196081072,0.008,0.0,0.812,0.006,654.0,108336.57603970211
10,533,y,0.04875,1.7509003601440576,3.0983867467264705,0.194,0.0,0.815,0.168,1025.0,796729.4461452909
10,39,y,0.7773123909249564,0.6245901639344262,5.453684054680946,0.0,0.0,0.748,0.0,1136.0,188502.69668268703
174,196,y,0.2615979381443299,0.5145161290322581,9.014946096047044,0.009,0.0,0.734,0.049,174.0,57484.70962793636
110,361,y,0.2821219428177747,0.7794432548179872,1.805452357281147,0.221,0.018,0.684,0.146,670.0,243418.31597222222
110,179,y,0.4149914821124361,1.7600896860986548,5.001434008052507,0.358,0.434,0.74,0.396,1736.0,769597.1670666363
118,301,n,1.1257378984651711,1.983208370157083,5.98728354978355,0.136,0.0,0.812,0.306,275.0,104501.67809857996
106,73,n,0.0152314001171646,0.9648473635522664,0.0915178203288638,0.0,0.0,0.691,0.0,284.0,27115.7711260122
15,228,n,0.3050397877984085,0.8449096098953378,0.1649116264463134,0.0,0.0,0.641,0.0,1180.0,392316.8379977169
110,174,y,0.3869625520110957,1.796523517382413,6.297745440146509,0.414,0.0,0.811,0.546,1420.0,1044387.9878754485
167,76,n,1.1693845344555498,1.9998909610882911,12.502700049091802,0.035,0.0,0.844,0.069,142.0,159162.86381889333
10,94,n,0.203125,0.3057199211045365,0.8435275840890205,0.0,0.0,0.858,0.0,898.0,238575.59634803474
174,361,y,0.1342534504391468,1.265164644714038,2.369789517127528,0.167,0.0,0.673,0.142,414.0,228779.83886949517
174,212,y,0.5425352112676056,1.0077220077220077,5.039223331253899,0.226,0.0,0.605,0.177,112.0,15444.563659739593
10,24,n,0.5521721477872513,0.575,0.7460977361200347,0.18,0.0,0.664,0.167,355.0,160650.1926223694
16,296,y,0.2507739938080495,2.9569377990430623,2.416064777327936,0.316,0.0,0.695,0.183,990.0,243460.2623128818
129,310,y,0.0132013201320132,0.2442810457516339,1.8677572119676575,0.038,0.0,0.889,0.028,86.0,37097.97987529167
106,248,n,1.702791461412151,1.0539730134932537,0.0926519287568244,0.0,0.0,0.737,0.0,750.0,90416.81761591803
15,249,n,1.4970916522559343,1.1415384615384616,4.295739285758897,0.0,0.0,0.596,0.0,1393.0,451532.070612349
167,308,n,1.191811553561413,1.999488654620956,3.722835048615455,0.228,0.0,0.754,0.228,686.0,103330.75886524824
118,221,n,0.861857252494244,1.974115641426339,1.375743219234869,0.165,0.0,0.789,0.165,1019.0,124158.3440949289
10,110,n,0.0552699228791773,0.7144535840188014,1.0826397434282558,0.0,0.0,0.807,0.0,514.0,449509.2764173591
175,248,n,1.7034225977373625,2.220715166461159,2.1415314342982694,0.068,0.0,0.871,0.068,694.0,108733.345646438
10,281,n,0.3901216893342877,1.9771344554857029,0.7995281099991864,0.376,0.0,0.716,0.376,1630.0,108532.16426969692
16,26,y,0.1003426333822809,1.5543175487465182,6.849355866463499,0.174,0.0,0.68,0.16,445.0,8716.160528025706
122,281,n,0.6336499321573948,1.9845533517151408,2.275976999556231,0.0,0.0,0.774,0.043,825.0,170730.66585870978
122,508,y,0.0579399141630901,2.6218836565096955,2.192039172930893,0.0,0.0,0.777,0.111,227.0,487762.0342012016
174,349,n,0.8078703703703703,2.085450346420324,1.5096200121361762,0.12,0.0,0.642,0.179,655.0,114895.98853141902
106,184,n,0.2557764642665234,0.7638248847926268,0.5427174880239886,0.123,0.0,0.846,0.059,789.0,113464.62815876558
175,25,y,0.3120411160058737,1.405333333333333,2.0683488276710644,0.0,0.0,0.872,0.019,62.0,199096.8850905088
129,500,y,0.1330049261083744,1.4823066841415464,1.0726446510730758,0.107,0.0,0.631,0.1,551.0,119464.8259156846
110,78,y,0.3589626933575978,1.9926590229689332,2.2171358225245577,0.0,0.0,0.836,0.0,607.0,1682626.9053134136
106,249,n,1.4337307758769655,0.9599383667180276,3.2236486625832663,0.0,0.0,0.544,0.102,925.0,302757.6082802657
106,112,y,0.2206290471785384,0.2676258992805755,4.84068559693535,0.0,0.0,0.754,0.0,897.0,558296.4288639086
112,76,n,1.0406091370558377,0.6187845303867403,0.7770525094284886,0.0,0.0,0.699,0.0,309.0,33234.09582289157
106,250,n,0.6712606404539927,0.2954545454545454,4.092710682074408,0.0,0.0,0.822,0.0,426.0,218436.76081108768
175,24,n,0.4974025974025974,1.6943105110896817,2.039621138955252,0.13,0.0,0.743,0.171,594.0,193468.06594848633
106,526,n,0.8752711496746204,0.5298165137614679,1.3491499965863316,0.0,0.0,0.792,0.0,541.0,417004.5564854398
118,88,n,0.4027491408934708,1.9952773421829983,0.8646370923465466,0.177,0.0,0.871,0.177,1708.0,320917.67094017094
16,538,n,0.1537591859807801,1.9572089437162683,8.852471608053985,0.0,0.0,0.707,0.035,460.0,346151.45384185214
167,72,n,0.3918918918918919,1.996911935134919,3.113396350541879,0.154,0.0,0.64,0.154,585.0,45594.94972615567
129,361,y,0.0268817204301075,1.4387351778656126,2.0751146788990824,0.336,0.0,0.821,0.33,571.0,169412.8421189815
118,75,n,0.4829317269076305,1.9332910309818745,1.3866946714761883,0.0,0.0,0.738,0.03,717.0,175869.45451566955
15,175,n,0.0831837223219629,1.3065241844769404,2.2471559392528357,0.0,0.0,0.626,0.0,1205.0,291676.44586555474
174,60,n,0.09009009009009,0.2793522267206478,0.7310893233768455,0.0,0.0,0.787,0.0,640.0,77281.45480927976
175,349,y,1.0242576327896278,2.0367722165474973,1.1420846372743527,0.201,0.0,0.836,0.201,673.0,111594.35645808262
175,184,n,0.2785654712260217,0.7384737678855325,2.274184353327562,0.004,0.0,0.824,0.002,197.0,121822.99575031073
112,129,n,0.3547229972100438,1.160912453760789,1.718058411266609,0.0,0.0,0.812,0.0,2400.0,829416.5291183027
10,15,y,0.0478615071283095,0.3146067415730337,0.9249410744764434,0.069,0.0,0.814,0.069,82.0,44556.75
175,228,y,0.2202227934875749,0.6270022883295194,2.29628400155943,0.001,0.0,0.81,0.215,24.0,40319.29003252159
118,308,y,1.220435684647303,1.9910704096770515,2.5675482487491066,0.189,0.0,0.87,0.189,94.0,129198.04863103421
175,255,n,0.9211746522411128,2.0093023255813955,2.014349140169658,0.028,0.0,0.638,0.028,617.0,23691.815602836898
175,57,y,0.1851239669421487,0.978330658105939,2.0427087663831847,0.0,0.0,0.865,0.353,278.0,117940.56312761904
174,307,n,0.5441988950276243,1.6631486367634123,2.558368786273868,0.001,0.0,0.644,0.063,512.0,35857.5429557217
110,356,n,0.1265729089563286,1.2546353522867737,10.618662594996009,0.0,0.0,0.747,0.0,743.0,340783.94097222225
167,268,n,0.513874614594039,1.996535919764245,51.70612244897959,0.001,0.0,0.819,0.014,95.0,79552.62153449387
122,357,n,0.2714500752634219,1.08130081300813,1.217741583200724,0.0,0.0,0.806,0.0,545.0,105795.99555226287
112,61,n,0.5087904360056259,0.3776978417266187,4.48104228428772,0.0,0.0,0.777,0.0,1850.0,864898.4166666667
118,250,n,1.0195822454308094,1.982407196538374,2.4600871877430674,0.117,0.0,0.83,0.117,749.0,112167.16789062874
16,363,y,0.0577378135352579,1.449122807017544,5.9032144975999135,0.106,0.0,0.837,0.217,318.0,71360.18651589712
15,300,y,1.084072061767229,0.8713235294117647,2.095674740484429,0.001,0.0,0.562,0.114,831.0,90914.70816760923
179,223,n,0.7731143552311436,0.972457627118644,2.188831579191933,0.027,0.0,0.608,0.021,662.0,90914.14042553192
122,221,y,0.2831111111111111,0.9146067415730336,5.141431906117098,0.001,0.0,0.786,0.072,1008.0,95928.04863438755
10,223,y,1.1289421157684632,0.3145336225596529,0.9655592559499636,0.3,0.0,0.623,0.3,525.0,362876.9886297952
106,282,n,0.0503461296412838,1.365371506475801,1.0035285093326516,0.063,0.0,0.677,0.052,532.0,86406.82310688173
110,254,y,0.2075471698113207,1.8684879288437104,8.152945790219917,0.472,0.0,0.853,0.3,973.0,178224.69710106385
174,356,n,0.2551358515573227,0.5446071904127829,0.2634633553785936,0.0,0.0,0.83,0.0,871.0,206301.94113512017
122,1,n,0.1299160406539991,0.0811170212765957,0.4545911164608503,0.0,0.0,0.801,0.0,699.0,35192.7480860317
122,256,n,1.6506187336283986,0.6067270375161707,2.446013413187974,0.001,0.0,0.615,0.001,905.0,205103.75840710851
110,516,y,0.4317482039001026,1.8221153846153848,4.908195119879378,0.376,0.0,0.719,0.227,2381.0,1082918.528571241
122,235,n,0.4101514531313958,0.665,1.8696551083957096,0.004,0.0,0.822,0.022,306.0,30020.116155934695
106,129,y,0.1377347751849744,1.0128676470588236,2.911634241541189,0.098,0.0,0.909,0.098,920.0,72363.55794374179
175,274,n,0.3941039565554693,0.523602033405955,1.987552060005836,0.0,0.0,0.944,0.004,341.0,103562.0625
174,254,y,0.1734059097978227,0.4504950495049505,0.1480495546227091,0.525,0.068,0.919,0.407,175.0,164843.58909574468
118,72,n,0.4218289085545723,1.9392929319440435,2.395892060136246,0.155,0.0,0.679,0.155,353.0,66197.11283679283
106,92,n,0.233457595526561,0.6353790613718412,0.3501133865355653,0.137,0.0,0.76,0.137,390.0,352591.61275654176
106,363,y,0.0620915032679738,0.4576043068640646,0.7976458517399607,0.144,0.0,0.815,0.144,297.0,311274.8532399877
118,122,n,0.6188679245283019,1.989182442271687,2.354660158207849,0.0,0.0,0.863,0.052,646.0,112035.7173961096
179,184,y,0.0546762589928057,0.1115537848605577,4.500679845204477,0.266,0.0,0.794,0.145,147.0,72645.0243203022
15,307,y,0.2072072072072072,1.8421190663519535,1.3719983677760257,0.061,0.0,0.566,0.201,330.0,380286.3628246485
129,229,y,0.2084690553745928,0.1162790697674418,2.5040056022408965,0.219,0.0,0.598,0.216,267.0,2722.799786768941
174,283,y,0.2322670375521557,0.5024077046548957,2.523260477240826,0.132,0.0,0.71,0.199,238.0,38606.553191489365
106,10,n,0.0630165289256198,0.1707317073170731,0.5403908975139804,0.0,0.0,0.806,0.0,530.0,104291.19899494009
112,249,n,1.5279038112522687,0.693822739480752,1.628485591212972,0.0,0.0,0.664,0.001,2408.0,1392382.4388987608
174,281,n,0.6798457087753134,1.9312804607886576,3.10385500575374,0.046,0.0,0.608,0.037,266.0,61482.68231018199
112,301,n,0.9622311155577788,0.0140252454417952,0.7858673746841112,0.0,0.0,0.75,0.0,2644.0,102873.16632708261
122,129,y,0.0761448349307774,1.4053763440860214,0.3101668180297309,0.202,0.0,0.89,0.204,665.0,217296.53128682548
174,221,y,0.2535483870967742,0.548922056384743,7.830337936298661,0.069,0.0,0.598,0.055,739.0,184935.5625
129,40,y,0.5771521386031402,1.5632716049382716,3.3522663030827045,0.0,0.0,0.797,0.0,218.0,42871.81143006138
175,538,y,0.0169491525423728,0.6112132352941176,2.2945186896666403,0.107,0.0,0.822,0.095,355.0,5954.528868715715
15,255,n,1.015370427297879,1.7874015748031495,1.7579926912554666,0.0,0.0,0.852,0.0,213.0,232455.74108879972
179,250,n,0.390326209223847,0.8058823529411765,0.41856954142291,0.006,0.0,0.859,0.005,636.0,75587.63829787233
175,301,y,0.8143266475644699,1.4175824175824177,1.9687251102770649,0.0,0.0,0.833,0.076,344.0,164741.66777679097
118,57,n,0.536918869644485,1.9644215530903328,0.0959300224101785,0.0,0.0,0.853,0.061,475.0,36619.25859177858
174,75,n,0.2060889929742388,0.3710691823899371,7.543483887666624,0.0,0.118,0.738,0.044,453.0,80747.6421137166
122,237,n,0.1060827250608272,1.1843317972350231,1.2300621275516672,0.0,0.0,0.87,0.0,664.0,142729.75032926604
129,255,y,0.7948717948717948,2.0149532710280376,2.0767459158160757,0.0,0.0,0.771,0.0,668.0,15341.908596061141
106,223,n,1.0885689354275745,0.4606481481481481,1.319798612056062,0.0,0.0,0.633,0.0,611.0,253811.11844611325
174,1,n,0.1784883720930232,1.3884297520661155,1.4130794656759635,0.001,0.172,0.724,0.036,934.0,222859.69879343375
15,25,n,0.3991517436380772,0.3244206773618538,1.112300055157198,0.059,0.0,0.571,0.047,1190.0,138531.8946699843
167,500,n,0.6440030557677616,1.99951971266288,5.009348524685948,0.245,0.0,0.495,0.235,516.0,84827.99925077605
106,19,n,0.0635294117647058,0.9736363636363636,0.8780845302040415,0.001,0.0,0.773,0.203,430.0,338865.11037443095
110,76,y,0.9882992060175512,0.1206373292867981,5.660424663309001,0.001,0.0,0.729,0.037,885.0,8235.313125362503
118,2,y,0.660013764624914,1.997923948734244,2.002254346491001,0.08,0.0,0.731,0.06,1104.0,249176.77185959584
179,274,n,0.3355840648210668,0.3894616265750286,1.9333464778241487,0.001,0.0,0.866,0.001,290.0,56112.0625
110,258,y,0.1386457853523721,1.971986553545702,1.4170267136654189,0.287,0.0,0.815,0.405,1692.0,812596.8879352678
16,43,n,0.1328264758497316,0.6362252663622526,0.3729755151230122,0.152,0.013,0.798,0.061,783.0,84237.26337391567
110,310,y,0.2537821482602118,1.8700361010830324,2.4306102492269472,0.055,0.0,0.708,0.178,1697.0,1019475.3349065122
112,235,n,0.8032116788321167,0.4597048808172531,1.0950728137025578,0.026,0.0,0.657,0.016,1403.0,340713.5431301946
122,190,n,0.0407685098406747,0.982532751091703,1.0135203549837697,0.0,0.0,0.714,0.0,545.0,129095.12731623513
174,57,y,0.1473533619456366,0.2717391304347826,3.4091447925486875,0.001,0.0,0.689,0.436,264.0,120934.02691213693
129,89,y,0.0906921241050119,0.2439261418853255,3.380128362266842,0.311,0.0,0.836,0.179,213.0,88067.35655006138
167,75,n,0.4514407684098185,1.9966049685967155,0.8187061183550652,0.0,0.0,0.78,0.075,168.0,145323.04455826164
174,357,n,0.2984469952734638,0.3267570900123304,0.0603035610040863,0.0,0.0,0.867,0.015,777.0,153456.66111558894
129,60,n,0.0533333333333333,0.5620842572062085,1.6830434782608696,0.0,0.0,0.809,0.0,777.0,29755.708210061362
15,73,y,0.1082004555808656,0.9168765743073048,0.5046805254431833,0.501,0.0,0.621,0.499,354.0,154068.5172798318
179,180,y,0.1800152555301296,0.6095423563777994,1.8103823851259448,0.228,0.0,0.708,0.327,157.0,128547.42494017613
10,76,n,0.9463544754001184,0.8017241379310345,7.189203237543625,0.127,0.0,0.822,0.11,236.0,255798.31927290565
118,60,n,0.597027972027972,1.964133850989092,7.885296045444615,0.185,0.0,0.838,0.185,890.0,11779.358551078534
10,1,y,0.1581118240146654,0.5665101721439749,2.404853775275687,0.264,0.0,0.835,0.214,66.0,93487.5
10,538,n,0.0429638854296388,1.7422189674112047,1.052157940232156,0.06,0.0,0.808,0.051,927.0,210625.26234543018
10,508,y,0.2307277628032345,2.0610021786492374,1.0215020393686824,0.178,0.0,0.824,0.178,747.0,492047.46227452526
118,500,n,0.6744017403915881,1.991465840233128,2.861334933424767,0.282,0.0,0.595,0.268,640.0,72622.42493993064
118,19,n,0.3648111332007952,1.9399025034276136,1.5555808829116329,0.0,0.0,0.77,0.027,469.0,173922.02138248974
15,363,y,0.1731991525423729,0.4088669950738916,0.397639526927964,0.098,0.0,0.64,0.098,895.0,213562.0952762849
110,175,y,0.0907224958949096,1.9080199365654733,2.30859107508346,0.078,0.0,0.617,0.272,1480.0,1030553.7160329861
179,254,y,0.2141212586339217,0.5388548057259713,1.1350814196242172,0.181,0.0,0.709,0.12,312.0,112588.34441489363
112,508,y,0.3716216216216216,2.1738461538461538,5.8485844042902695,0.0,0.0,0.693,0.0,1432.0,1555638.7733417314
